Workbook

Sheet Dashboard
A1: Market Overview Dashboard
A2: As of 20 December 2025
A3: Major U.S. Indexes | P3: IBD Stock Market Exposure | T3: Market Indicators | X3: Composite Model | AB3: Score
A4: Ticker | B4: Name | C4: Price | D4: Relative Strength 1mo | E4: RS STS 1M % | F4: RS 3M | G4: RS 6M | H4: RS 1Y | I4: % 1D | J4: % 1W | K4: % 1M | L4: % 3M | M4: % 6M | N4: % 1Y | P4: 80-100% | T4: VIX | V4: 14.91 | X4: Monetary Policy (Fed Funds) | AB4: 1.5
A5: SPY | B5: S&P 500 | C5: =Data!Y1 -> 680.59 | F5: 56 | G5: 65 | H5: 73 | I5: =(Price!IW1 - Price!IV1) / Price!IV1 -> 0.0060904401 | J5: =(Price!IW1 - Price!IR1) / Price!IR1 -> -0.0017161464 | K5: =(Price!IW1 - Price!IB1) / Price!IB1 -> 0.027104115 | L5: =(Price!IW1 - Price!GL1) / Price!GL1 -> 0.020619639 | M5: =(Price!IW1 - Price!DZ1) / Price!DZ1 -> 0.14523457 | N5: =(Price!IW1 - Price!D1) / Price!D1 -> 0.12162363 | P5: 60-80% | R5: X | T5: PCC | V5: 0.853 | X5: Liquidty Flow (M2 + Credit) | AB5: 2
A6: QQQ | B6: Nasdaq-100 | C6: =Data!Y2 -> 617.05 | E6: =PERCENTRANK(Data!AA2:'Data'!AV2,Data!AV2) -> 0.571 | F6: 42 | G6: 66 | H6: 76 | I6: =(Price!IW2 - Price!IV2) / Price!IV2 -> 0.013035412 | J6: =(Price!IW2 - Price!IR2) / Price!IR2 -> 0.0055897787 | K6: =(Price!IW2 - Price!IB2) / Price!IB2 -> 0.028639539 | L6: =(Price!IW2 - Price!GL2) / Price!GL2 -> 0.024659582 | M6: =(Price!IW2 - Price!DZ2) / Price!DZ2 -> 0.17125069 | N6: =(Price!IW2 - Price!D2) / Price!D2 -> 0.14657079 | P6: 40-60% | T6: Credit IEI vs.HYG | V6: Good | X6: Rates & Credit (10yr + HYG/IEI) | AB6: 2
A7: DIA | B7: Dow | C7: =Data!Y3 -> 481.15 | E7: =PERCENTRANK(Data!AA3:'Data'!AV3,Data!AV3) -> 0.714 | F7: 71 | G7: 71 | H7: 70 | I7: =(Price!IW3 - Price!IV3) / Price!IV3 -> 0.0013319182 | J7: =(Price!IW3 - Price!IR3) / Price!IR3 -> -0.0087556654 | K7: =(Price!IW3 - Price!IB3) / Price!IB3 -> 0.041991511 | L7: =(Price!IW3 - Price!GL3) / Price!GL3 -> 0.037699226 | M7: =(Price!IW3 - Price!DZ3) / Price!DZ3 -> 0.14081468 | N7: =(Price!IW3 - Price!D3) / Price!D3 -> 0.097588795 | P7: 20-40% | T7: U.S. Dollar | V7: 98.72 | X7: Tape Strength (Breadth+ U/D + Net High/Lows) | AB7: 1.5
A8: IWM | B8: Russell 2000 | C8: =Data!Y4 -> 250.79 | E8: =PERCENTRANK(Data!AA4:'Data'!AV4,Data!AV4) -> 0.809 | F8: 64 | G8: 74 | H8: 73 | I8: =(Price!IW4 - Price!IV4) / Price!IV4 -> 0.0083631539 | J8: =(Price!IW4 - Price!IR4) / Price!IR4 -> -0.012054363 | K8: =(Price!IW4 - Price!IB4) / Price!IB4 -> 0.07436919 | L8: =(Price!IW4 - Price!GL4) / Price!GL4 -> 0.026187651 | M8: =(Price!IW4 - Price!DZ4) / Price!DZ4 -> 0.19874767 | N8: =(Price!IW4 - Price!D4) / Price!D4 -> 0.069740659 | P8: 0-20% | T8: Distribution Days | V8: 5 | X8: Sentiment (VIX + Put/Call ) | AB8: 1.5
A9: RSP | B9: S&P 500 EW | C9: =Data!Y5 -> 192.88 | E9: =PERCENTRANK(Data!AA5:'Data'!AV5,Data!AV5) -> 0.809 | F9: 67 | G9: 59 | H9: 59 | I9: =(Price!IW5 - Price!IV5) / Price!IV5 -> 0.0036424186 | J9: =(Price!IW5 - Price!IR5) / Price!IR5 -> -0.0027402926 | K9: =(Price!IW5 - Price!IB5) / Price!IB5 -> 0.045816841 | L9: =(Price!IW5 - Price!GL5) / Price!GL5 -> 0.023344652 | M9: =(Price!IW5 - Price!DZ5) / Price!DZ5 -> 0.085730369 | N9: =(Price!IW5 - Price!D5) / Price!D5 -> 0.062348535 | T9: Up/Down Daily Ratio | V9: 2.6 | X9: Total Score | AB9: 8.5
A10: QQQE | B10: Nasdaq-100 EW | C10: =Data!Y6 -> 103.27 | E10: =PERCENTRANK(Data!AA6:'Data'!AV6,Data!AV6) -> 0.857 | F10: 56 | G10: 56 | H10: 65 | I10: =(Price!IW6 - Price!IV6) / Price!IV6 -> 0.0076104986 | J10: =(Price!IW6 - Price!IR6) / Price!IR6 -> 0.00029058504 | K10: =(Price!IW6 - Price!IB6) / Price!IB6 -> 0.042604745 | L10: =(Price!IW6 - Price!GL6) / Price!GL6 -> 0.019447187 | M10: =(Price!IW6 - Price!DZ6) / Price!DZ6 -> 0.088427487 | N10: =(Price!IW6 - Price!D6) / Price!D6 -> 0.088656968 | P10: Market Type | T10: Up/Down Weekly Ratio | V10: 1.1
A11: EDOW | B11: Dow EW | C11: =Data!Y7 -> 41.2032 | E11: =PERCENTRANK(Data!AA7:'Data'!AV7,Data!AV7) -> 0.571 | F11: 69 | G11: 67 | H11: 68 | I11: =(Price!IW7 - Price!IV7) / Price!IV7 -> -0.00013831963 | J11: =(Price!IW7 - Price!IR7) / Price!IR7 -> -0.010014416 | K11: =(Price!IW7 - Price!IB7) / Price!IB7 -> 0.029115204 | L11: =(Price!IW7 - Price!GL7) / Price!GL7 -> 0.031878047 | M11: =(Price!IW7 - Price!DZ7) / Price!DZ7 -> 0.11724463 | N11: =(Price!IW7 - Price!D7) / Price!D7 -> 0.10971898 | P11: Bull Quiet | T11: Up/Down Monthly Ratio | V11: 1.2 | X11: Hot Sectors / Industry Groups
A12: MDY | B12: S&P 500 Midcap | C12: =Data!Y8 -> 611.57 | E12: =PERCENTRANK(Data!AA8:'Data'!AV8,Data!AV8) -> 0.761 | F12: 68 | G12: 62 | H12: 59 | I12: =(Price!IW8 - Price!IV8) / Price!IV8 -> 0.0057559163 | J12: =(Price!IW8 - Price!IR8) / Price!IR8 -> -0.0025117842 | K12: =(Price!IW8 - Price!IB8) / Price!IB8 -> 0.058280988 | L12: =(Price!IW8 - Price!GL8) / Price!GL8 -> 0.021104303 | M12: =(Price!IW8 - Price!DZ8) / Price!DZ8 -> 0.10769593 | N12: =(Price!IW8 - Price!D8) / Price!D8 -> 0.020524972 | P12: Bull Volatile | R12: X | T12: A/D Daily Ratio (QSHR) | V12: 1.4 | X12: QQQE, IWM, XLF, XLC, XLI, XTL, XRT, PEJ, XBI, XPH, KBE, KIE, GDX, SIL, XME, GLD, SLV, PALL, DBB, CPER, EWC, EWP, EWL, EWI,
A13: IWN | B13: Russell Value | C13: =Data!Y9 -> 184.45 | E13: =PERCENTRANK(Data!AA9:'Data'!AV9,Data!AV9) -> 0.666 | F13: 75 | G13: 77 | H13: 75 | I13: =(Price!IW9 - Price!IV9) / Price!IV9 -> 0.00016267216 | J13: =(Price!IW9 - Price!IR9) / Price!IR9 -> -0.015899269 | K13: =(Price!IW9 - Price!IB9) / Price!IB9 -> 0.07739486 | L13: =(Price!IW9 - Price!GL9) / Price!GL9 -> 0.039389158 | M13: =(Price!IW9 - Price!DZ9) / Price!DZ9 -> 0.20406032 | N13: =(Price!IW9 - Price!D9) / Price!D9 -> 0.056656737 | P13: Bear Quiet | T13: A/D Weekly Ratio | V13: 1
A14: IWO | B14: Russell Growth | C14: =Data!Y10 -> 329.61 | E14: =PERCENTRANK(Data!AA10:'Data'!AV10,Data!AV10) -> 0.714 | F14: 41 | G14: 70 | H14: 73 | I14: =(Price!IW10 - Price!IV10) / Price!IV10 -> 0.016436413 | J14: =(Price!IW10 - Price!IR10) / Price!IR10 -> -0.0099423285 | K14: =(Price!IW10 - Price!IB10) / Price!IB10 -> 0.070266584 | L14: =(Price!IW10 - Price!GL10) / Price!GL10 -> 0.014340668 | M14: =(Price!IW10 - Price!DZ10) / Price!DZ10 -> 0.19359044 | N14: =(Price!IW10 - Price!D10) / Price!D10 -> 0.076242408 | P14: Bear Volatile | T14: A/D Monthly Ratio | V14: 1.4
P15: Sideways Quiet
A16: U.S. Sectors | P16: Sideways Volatile | T16: Macro
A17: Ticker | B17: Name | C17: Price | D17: Relative Strength 1mo | E17: RS STS % | F17: RS 3M | G17: RS 6M | H17: RS 1Y | I17: % 1D | J17: % 1W | K17: % 1M | L17: % 3M | M17: % 6M | N17: % 1Y | T17: Fed Funds | V17: 3.88
A18: XLC | B18: Communication | C18: =Data!Y11 -> 116.52 | E18: =PERCENTRANK(Data!AA11:'Data'!AV11,Data!AV11) -> 0.809 | F18: 65 | G18: 67 | H18: 70 | I18: =(Price!IW11 - Price!IV11) / Price!IV11 -> 0.0004292951 | J18: =(Price!IW11 - Price!IR11) / Price!IR11 -> -0.00025740026 | K18: =(Price!IW11 - Price!IB11) / Price!IB11 -> 0.047935965 | L18: =(Price!IW11 - Price!GL11) / Price!GL11 -> -0.017372238 | M18: =(Price!IW11 - Price!DZ11) / Price!DZ11 -> 0.13302217 | N18: =(Price!IW11 - Price!D11) / Price!D11 -> 0.14990625 | P18: Trend Condition (QQQ) | T18: M2 Money | V18: 22.3 | X18: Market Correlations (last 30 days) S&P500
A19: XLY | B19: Consumer Disc. | C19: =Data!Y12 -> 121.85 | E19: =PERCENTRANK(Data!AA12:'Data'!AV12,Data!AV12) -> 0.476 | F19: 78 | G19: 76 | H19: 70 | I19: =(Price!IW12 - Price!IV12) / Price!IV12 -> -0.0040052313 | J19: =(Price!IW12 - Price!IR12) / Price!IR12 -> 0.0095277548 | K19: =(Price!IW12 - Price!IB12) / Price!IB12 -> -0.45726248 | L19: =(Price!IW12 - Price!GL12) / Price!GL12 -> -0.49267216 | M19: =(Price!IW12 - Price!DZ12) / Price!DZ12 -> -0.42163471 | N19: =(Price!IW12 - Price!D12) / Price!D12 -> -0.48948383 | P19: Above 5DMA | R19: Yes | T19: 10 yr | V19: 4.15 | X19: Correlated: | Z19: Dow, Nasdaq-100, Russell, Nikkei
A20: XLP | B20: Consumer Staples | C20: =Data!Y13 -> 78.78 | E20: =PERCENTRANK(Data!AA13:'Data'!AV13,Data!AV13) -> 0.523 | F20: 67 | G20: 35 | H20: 34 | I20: =(Price!IW13 - Price!IV13) / Price!IV13 -> -0.0051774214 | J20: =(Price!IW13 - Price!IR13) / Price!IR13 -> -0.0080584236 | K20: =(Price!IW13 - Price!IB13) / Price!IB13 -> 0.029669324 | L20: =(Price!IW13 - Price!GL13) / Price!GL13 -> 0.010518214 | M20: =(Price!IW13 - Price!DZ13) / Price!DZ13 -> -0.027647494 | N20: =(Price!IW13 - Price!D13) / Price!D13 -> -0.034677123 | P20: Above 10DMA | R20: Yes
A21: XLE | B21: Energy | C21: =Data!Y14 -> 44.13 | E21: =PERCENTRANK(Data!AA14:'Data'!AV14,Data!AV14) -> 0.047 | F21: 37 | G21: 33 | H21: 39 | I21: =(Price!IW14 - Price!IV14) / Price!IV14 -> 0 | J21: =(Price!IW14 - Price!IR14) / Price!IR14 -> -0.030323006 | K21: =(Price!IW14 - Price!IB14) / Price!IB14 -> -0.50901202 | L21: =(Price!IW14 - Price!GL14) / Price!GL14 -> -0.49663511 | M21: =(Price!IW14 - Price!DZ14) / Price!DZ14 -> -0.50404585 | N21: =(Price!IW14 - Price!D14) / Price!D14 -> -0.49427 | P21: Above 20DMA | R21: Yes | T21: Breadth & Participation
A22: XLF | B22: Financial | C22: =Data!Y15 -> 54.84 | E22: =PERCENTRANK(Data!AA15:'Data'!AV15,Data!AV15) -> 0.809 | F22: 75 | G22: 61 | H22: 62 | I22: =(Price!IW15 - Price!IV15) / Price!IV15 -> 0.0055005501 | J22: =(Price!IW15 - Price!IR15) / Price!IR15 -> -0.0020018198 | K22: =(Price!IW15 - Price!IB15) / Price!IB15 -> 0.063615206 | L22: =(Price!IW15 - Price!GL15) / Price!GL15 -> 0.015555556 | M22: =(Price!IW15 - Price!DZ15) / Price!DZ15 -> 0.088959492 | N22: =(Price!IW15 - Price!D15) / Price!D15 -> 0.10899899 | P22: Above 50DMA | R22: Yes | T22: % Price Above 10DMA | V22: 0.5 | X22: Uncorrelated: | Z22: Dollar, Bonds, Heating Oil, Soybeans, Nat Gas, Wheat, Gasoline
A23: XLV | B23: Health Care | C23: =Data!Y16 -> 154.94 | E23: =PERCENTRANK(Data!AA16:'Data'!AV16,Data!AV16) -> 0.523 | F23: 80 | G23: 81 | H23: 73 | I23: =(Price!IW16 - Price!IV16) / Price!IV16 -> 0.0066922227 | J23: =(Price!IW16 - Price!IR16) / Price!IR16 -> 0.0057120602 | K23: =(Price!IW16 - Price!IB16) / Price!IB16 -> 0.017133854 | L23: =(Price!IW16 - Price!GL16) / Price!GL16 -> 0.13401156 | M23: =(Price!IW16 - Price!DZ16) / Price!DZ16 -> 0.16847662 | N23: =(Price!IW16 - Price!D16) / Price!D16 -> 0.11219582 | P23: Above 200DMA | R23: Yes | T23: % Price Above 20DMA | V23: 0.55
A24: XLI | B24: Industrial | C24: =Data!Y17 -> 155.86 | E24: =PERCENTRANK(Data!AA17:'Data'!AV17,Data!AV17) -> 0.857 | F24: 59 | G24: 52 | H24: 68 | I24: =(Price!IW17 - Price!IV17) / Price!IV17 -> 0.008606743 | J24: =(Price!IW17 - Price!IR17) / Price!IR17 -> -0.0056143933 | K24: =(Price!IW17 - Price!IB17) / Price!IB17 -> 0.036647822 | L24: =(Price!IW17 - Price!GL17) / Price!GL17 -> 0.01869281 | M24: =(Price!IW17 - Price!DZ17) / Price!DZ17 -> 0.094753108 | N24: =(Price!IW17 - Price!D17) / Price!D17 -> 0.13311523 | T24: % Price Above 50DMA | V24: 0.53
A25: XLB | B25: Materials | C25: =Data!Y18 -> 45.37 | E25: =PERCENTRANK(Data!AA18:'Data'!AV18,Data!AV18) -> 0.523 | F25: 71 | G25: 52 | H25: 51 | I25: =(Price!IW18 - Price!IV18) / Price!IV18 -> 0.0044277175 | J25: =(Price!IW18 - Price!IR18) / Price!IR18 -> 0.0048726467 | K25: =(Price!IW18 - Price!IB18) / Price!IB18 -> -0.47084208 | L25: =(Price!IW18 - Price!GL18) / Price!GL18 -> -0.49795286 | M25: =(Price!IW18 - Price!DZ18) / Price!DZ18 -> -0.47500579 | N25: =(Price!IW18 - Price!D18) / Price!D18 -> -0.48699683 | P25: Nasdaq Net 52wk New High/Low | T25: % Price Above 200DMA | V25: 0.64
A26: XLRE | B26: Real Estate | C26: =Data!Y19 -> 40.33 | E26: =PERCENTRANK(Data!AA19:'Data'!AV19,Data!AV19) -> 0.095 | F26: 32 | G26: 28 | H26: 30 | I26: =(Price!IW19 - Price!IV19) / Price!IV19 -> -0.0037055336 | J26: =(Price!IW19 - Price!IR19) / Price!IR19 -> -0.010306748 | K26: =(Price!IW19 - Price!IB19) / Price!IB19 -> -0.0044433473 | L26: =(Price!IW19 - Price!GL19) / Price!GL19 -> -0.032157427 | M26: =(Price!IW19 - Price!DZ19) / Price!DZ19 -> -0.035859431 | N26: =(Price!IW19 - Price!D19) / Price!D19 -> -0.053508566 | P26: Daily | R26: 44 | T26: % Above 20, 50, 200 | V26: 0.42
A27: XLK | B27: Technology | C27: =Data!Y20 -> 144.6 | E27: =PERCENTRANK(Data!AA20:'Data'!AV20,Data!AV20) -> 0.333 | F27: 34 | G27: 64 | H27: 79 | I27: =(Price!IW20 - Price!IV20) / Price!IV20 -> 0.02161933 | J27: =(Price!IW20 - Price!IR20) / Price!IR20 -> 0.0063330782 | K27: =(Price!IW20 - Price!IB20) / Price!IB20 -> -0.48535431 | L27: =(Price!IW20 - Price!GL20) / Price!GL20 -> -0.48843133 | M27: =(Price!IW20 - Price!DZ20) / Price!DZ20 -> -0.39885258 | N27: =(Price!IW20 - Price!D20) / Price!D20 -> -0.40109344 | P27: Weekly | R27: 165
A28: XLU | B28: Utilities | C28: =Data!Y21 -> 42.63 | E28: =PERCENTRANK(Data!AA21:'Data'!AV21,Data!AV21) -> 0.19 | F28: 31 | G28: 45 | H28: 62 | I28: =(Price!IW21 - Price!IV21) / Price!IV21 -> -0.012737378 | J28: =(Price!IW21 - Price!IR21) / Price!IR21 -> -0.0046696241 | K28: =(Price!IW21 - Price!IB21) / Price!IB21 -> -0.51814174 | L28: =(Price!IW21 - Price!GL21) / Price!GL21 -> -0.49964789 | M28: =(Price!IW21 - Price!DZ21) / Price!DZ21 -> -0.47227036 | N28: =(Price!IW21 - Price!D21) / Price!D21 -> -0.4465074 | P28: Monthly | R28: 1393
A30: U.S. Sub-Sectors / Industry Groups | P30: U.S. Sub-Sectors / Industry Groups
A31: Ticker | B31: Name | C31: Price | D31: Relative Strength 1mo | E31: RS STS % | F31: RS 3M | G31: RS 6M | H31: RS 1Y | I31: % 1D | J31: % 1W | K31: % 1M | L31: % 3M | M31: % 6M | N31: % 1Y | P31: Ticker | Q31: Name | R31: Price | S31: Relative Strength 1mo | T31: RS STS % | U31: RS 3M | V31: RS 6M | W31: RS 1Y | X31: % 1D | Y31: % 1W | Z31: % 1M | AA31: % 3M | AB31: % 6M | AC31: % 1Y
A32: SOXX | B32: =Data!C22 -> iShares:Semiconductor | C32: =Data!Y22 -> 299.81 | E32: =PERCENTRANK(Data!AA22:'Data'!AV22,Data!AV22) -> 0.619 | F32: 46 | G32: 81 | H32: 87 | I32: =(Price!IW22 - Price!IV22) / Price!IV22 -> 0.026605944 | J32: =(Price!IW22 - Price!IR22) / Price!IR22 -> 0.00110191 | K32: =(Price!IW22 - Price!IB22) / Price!IB22 -> 0.064628387 | L32: =(Price!IW22 - Price!GL22) / Price!GL22 -> 0.11110699 | M32: =(Price!IW22 - Price!DZ22) / Price!DZ22 -> 0.33183777 | N32: =(Price!IW22 - Price!D22) / Price!D22 -> 0.31819381 | P32: GLD | Q32: =Data!C96 -> SPDR Gold | R32: =Data!Y96 -> 399.02 | T32: =PERCENTRANK(Data!AA96:'Data'!AV96,Data!AV96) -> 0.904 | U32: 84 | V32: 89 | W32: 90 | X32: =(Price!IW96 - Price!IV96) / Price!IV96 -> 0.0011290363 | Y32: =(Price!IW96 - Price!IR96) / Price!IR96 -> 0.0090532066 | Z32: =(Price!IW96 - Price!IB96) / Price!IB96 -> 0.064166844 | AA32: =(Price!IW96 - Price!GL96) / Price!GL96 -> 0.15641211 | AB32: =(Price!IW96 - Price!DZ96) / Price!DZ96 -> 0.28662174 | AC32: =(Price!IW96 - Price!D96) / Price!D96 -> 0.62945116
A33: SMH | B33: =Data!C23 -> VanEck:Semiconductor | C33: =Data!Y23 -> 356.23 | E33: =PERCENTRANK(Data!AA23:'Data'!AV23,Data!AV23) -> 0.619 | F33: 47 | G33: 82 | H33: 89 | I33: =(Price!IW23 - Price!IV23) / Price!IV23 -> 0.025860331 | J33: =(Price!IW23 - Price!IR23) / Price!IR23 -> 0.0059584322 | K33: =(Price!IW23 - Price!IB23) / Price!IB23 -> 0.049463823 | L33: =(Price!IW23 - Price!GL23) / Price!GL23 -> 0.10572058 | M33: =(Price!IW23 - Price!DZ23) / Price!DZ23 -> 0.36869405 | N33: =(Price!IW23 - Price!D23) / Price!D23 -> 0.40663376 | P33: SLV | Q33: =Data!C97 -> IShares:Silver Trust | R33: =Data!Y97 -> 60.93 | T33: =PERCENTRANK(Data!AA97:'Data'!AV97,Data!AV97) -> 0.952 | U33: 97 | V33: 97 | W33: 96 | X33: =(Price!IW97 - Price!IV97) / Price!IV97 -> 0.027140931 | Y33: =(Price!IW97 - Price!IR97) / Price!IR97 -> 0.086096257 | Z33: =(Price!IW97 - Price!IB97) / Price!IB97 -> 0.31173305 | AA33: =(Price!IW97 - Price!GL97) / Price!GL97 -> 0.52172827 | AB33: =(Price!IW97 - Price!DZ97) / Price!DZ97 -> 0.86216381 | AC33: =(Price!IW97 - Price!D97) / Price!D97 -> 1.1917266
A34: XSD | B34: =Data!C24 -> SS SPDR S&P Semiconductr | C34: =Data!Y24 -> 327.17 | E34: =PERCENTRANK(Data!AA24:'Data'!AV24,Data!AV24) -> 0.619 | F34: 25 | G34: 76 | H34: 84 | I34: =(Price!IW24 - Price!IV24) / Price!IV24 -> 0.025386279 | J34: =(Price!IW24 - Price!IR24) / Price!IR24 -> -0.0029256697 | K34: =(Price!IW24 - Price!IB24) / Price!IB24 -> 0.092132056 | L34: =(Price!IW24 - Price!GL24) / Price!GL24 -> 0.011219633 | M34: =(Price!IW24 - Price!DZ24) / Price!DZ24 -> 0.33970763 | N34: =(Price!IW24 - Price!D24) / Price!D24 -> 0.2338588 | P34: UNG | Q34: =Data!C98 -> United States Nat Gas | R34: =Data!Y98 -> 12.19 | T34: =PERCENTRANK(Data!AA98:'Data'!AV98,Data!AV98) -> 0.095 | U34: 15 | V34: 13 | W34: 14 | X34: =(Price!IW98 - Price!IV98) / Price!IV98 -> 0.013300083 | Y34: =(Price!IW98 - Price!IR98) / Price!IR98 -> -0.042419482 | Z34: =(Price!IW98 - Price!IB98) / Price!IB98 -> -0.1707483 | AA34: =(Price!IW98 - Price!GL98) / Price!GL98 -> 0.0032921811 | AB34: =(Price!IW98 - Price!DZ98) / Price!DZ98 -> -0.30973952 | AC34: =(Price!IW98 - Price!D98) / Price!D98 -> -0.12616487
A35: IGV | B35: =Data!C25 -> iShares:Expand Tch-Sftwr | C35: =Data!Y25 -> 107.76 | E35: =PERCENTRANK(Data!AA25:'Data'!AV25,Data!AV25) -> 0.714 | F35: 24 | G35: 25 | H35: 45 | I35: =(Price!IW25 - Price!IV25) / Price!IV25 -> 0.014880392 | J35: =(Price!IW25 - Price!IR25) / Price!IR25 -> -0.0019449847 | K35: =(Price!IW25 - Price!IB25) / Price!IB25 -> 0.037250938 | L35: =(Price!IW25 - Price!GL25) / Price!GL25 -> -0.085151541 | M35: =(Price!IW25 - Price!DZ25) / Price!DZ25 -> 0.025211683 | N35: =(Price!IW25 - Price!D25) / Price!D25 -> 0.0079506127 | P35: USO | Q35: =Data!C99 -> United States Oil Fund | R35: =Data!Y99 -> 68.03 | T35: =PERCENTRANK(Data!AA99:'Data'!AV99,Data!AV99) -> 0.142 | U35: 22 | V35: 16 | W35: 21 | X35: =(Price!IW99 - Price!IV99) / Price!IV99 -> 0.01250186 | Y35: =(Price!IW99 - Price!IR99) / Price!IR99 -> -0.011335562 | Z35: =(Price!IW99 - Price!IB99) / Price!IB99 -> -0.040208804 | AA35: =(Price!IW99 - Price!GL99) / Price!GL99 -> -0.073791695 | AB35: =(Price!IW99 - Price!DZ99) / Price!DZ99 -> -0.18154475 | AC35: =(Price!IW99 - Price!D99) / Price!D99 -> -0.076933514
A36: XSW | B36: =Data!C26 -> SS SPDR S&P Sftwre & Svc | C36: =Data!Y26 -> 190.7197 | E36: =PERCENTRANK(Data!AA26:'Data'!AV26,Data!AV26) -> 0.761 | F36: 30 | G36: 32 | H36: 45 | I36: =(Price!IW26 - Price!IV26) / Price!IV26 -> 0.0081921023 | J36: =(Price!IW26 - Price!IR26) / Price!IR26 -> -0.0096598816 | K36: =(Price!IW26 - Price!IB26) / Price!IB26 -> 0.064084524 | L36: =(Price!IW26 - Price!GL26) / Price!GL26 -> -0.070747905 | M36: =(Price!IW26 - Price!DZ26) / Price!DZ26 -> 0.062327745 | N36: =(Price!IW26 - Price!D26) / Price!D26 -> -0.06326277 | P36: DBA | Q36: =Data!C100 -> Invesco DB MS Agri | R36: =Data!Y100 -> 26.2 | T36: =PERCENTRANK(Data!AA100:'Data'!AV100,Data!AV100) -> 0.142 | U36: 35 | V36: 30 | W36: 30 | X36: =(Price!IW100 - Price!IV100) / Price!IV100 -> 0.0019120459 | Y36: =(Price!IW100 - Price!IR100) / Price!IR100 -> -0.012066365 | Z36: =(Price!IW100 - Price!IB100) / Price!IB100 -> 0.0042161748 | AA36: =(Price!IW100 - Price!GL100) / Price!GL100 -> -0.024208566 | AB36: =(Price!IW100 - Price!DZ100) / Price!DZ100 -> -0.0079515335 | AC36: =(Price!IW100 - Price!D100) / Price!D100 -> -0.056195965
A37: IGM | B37: =Data!C27 -> iShares:Exp Tech Sector | C37: =Data!Y27 -> 129.5 | E37: =PERCENTRANK(Data!AA27:'Data'!AV27,Data!AV27) -> 0.523 | F37: 33 | G37: 68 | H37: 80 | I37: =(Price!IW27 - Price!IV27) / Price!IV27 -> 0.018722467 | J37: =(Price!IW27 - Price!IR27) / Price!IR27 -> 0.00061814248 | K37: =(Price!IW27 - Price!IB27) / Price!IB27 -> 0.028267429 | L37: =(Price!IW27 - Price!GL27) / Price!GL27 -> 0.014333829 | M37: =(Price!IW27 - Price!DZ27) / Price!DZ27 -> 0.22043163 | N37: =(Price!IW27 - Price!D27) / Price!D27 -> 0.21084619 | P37: CORN | Q37: =Data!C101 -> Teucrium:Corn | R37: =Data!Y101 -> 17.7905 | T37: =PERCENTRANK(Data!AA101:'Data'!AV101,Data!AV101) -> 0.428 | U37: 49 | V37: 48 | W37: 32 | X37: =(Price!IW101 - Price!IV101) / Price!IV101 -> -0.0027746637 | Y37: =(Price!IW101 - Price!IR101) / Price!IR101 -> 0.0022816901 | Z37: =(Price!IW101 - Price!IB101) / Price!IB101 -> 0.0025641026 | AA37: =(Price!IW101 - Price!GL101) / Price!GL101 -> 0.010249858 | AB37: =(Price!IW101 - Price!DZ101) / Price!DZ101 -> -0.029961832 | AC37: =(Price!IW101 - Price!D101) / Price!D101 -> -0.031018519
A38: VGT | B38: =Data!C28 -> Vanguard InfoTch Idx;ETF | C38: =Data!Y28 -> 755.54 | E38: =PERCENTRANK(Data!AA28:'Data'!AV28,Data!AV28) -> 0.571 | F38: 30 | G38: 60 | H38: 78 | I38: =(Price!IW28 - Price!IV28) / Price!IV28 -> 0.020145284 | J38: =(Price!IW28 - Price!IR28) / Price!IR28 -> 0.0021354768 | K38: =(Price!IW28 - Price!IB28) / Price!IB28 -> 0.024363789 | L38: =(Price!IW28 - Price!GL28) / Price!GL28 -> 0.0031733386 | M38: =(Price!IW28 - Price!DZ28) / Price!DZ28 -> 0.20217032 | N38: =(Price!IW28 - Price!D28) / Price!D28 -> 0.16601077 | P38: DBB | Q38: =Data!C102 -> Invesco DB MS BMtl | R38: =Data!Y102 -> 22.64 | T38: =PERCENTRANK(Data!AA102:'Data'!AV102,Data!AV102) -> 1 | U38: 80 | V38: 81 | W38: 78 | X38: =(Price!IW102 - Price!IV102) / Price!IV102 -> 0.011165699 | Y38: =(Price!IW102 - Price!IR102) / Price!IR102 -> 0.020739405 | Z38: =(Price!IW102 - Price!IB102) / Price!IB102 -> 0.056462902 | AA38: =(Price!IW102 - Price!GL102) / Price!GL102 -> 0.12692882 | AB38: =(Price!IW102 - Price!DZ102) / Price!DZ102 -> 0.19851773 | AC38: =(Price!IW102 - Price!D102) / Price!D102 -> 0.12917706
A39: XT | B39: =Data!C29 -> iShares:Fut Exp Tch | C39: =Data!Y29 -> 69.8 | E39: =PERCENTRANK(Data!AA29:'Data'!AV29,Data!AV29) -> 0.142 | F39: 20 | G39: 31 | H39: 62 | I39: =(Price!IW29 - Price!IV29) / Price!IV29 -> 0.01071532 | J39: =(Price!IW29 - Price!IR29) / Price!IR29 -> -0.069085089 | K39: =(Price!IW29 - Price!IB29) / Price!IB29 -> -0.033910035 | L39: =(Price!IW29 - Price!GL29) / Price!GL29 -> -0.030151452 | M39: =(Price!IW29 - Price!DZ29) / Price!DZ29 -> 0.11966635 | N39: =(Price!IW29 - Price!D29) / Price!D29 -> 0.1214653 | P39: PALL | Q39: =Data!C103 -> abrdn:Physical Palladium | R39: =Data!Y103 -> 156.06 | T39: =PERCENTRANK(Data!AA103:'Data'!AV103,Data!AV103) -> 1 | U39: 96 | V39: 94 | W39: 95 | X39: =(Price!IW103 - Price!IV103) / Price!IV103 -> 0.013639906 | Y39: =(Price!IW103 - Price!IR103) / Price!IR103 -> 0.1432967 | Z39: =(Price!IW103 - Price!IB103) / Price!IB103 -> 0.23602091 | AA39: =(Price!IW103 - Price!GL103) / Price!GL103 -> 0.44019934 | AB39: =(Price!IW103 - Price!DZ103) / Price!DZ103 -> 0.62732013 | AC39: =(Price!IW103 - Price!D103) / Price!D103 -> 0.80062305
A40: CIBR | B40: =Data!C30 -> FT II:Nsdq Cybersecurity | C40: =Data!Y30 -> 73.12 | E40: =PERCENTRANK(Data!AA30:'Data'!AV30,Data!AV30) -> 0.285 | F40: 24 | G40: 26 | H40: 51 | I40: =(Price!IW30 - Price!IV30) / Price!IV30 -> 0.01050304 | J40: =(Price!IW30 - Price!IR30) / Price!IR30 -> -0.010420896 | K40: =(Price!IW30 - Price!IB30) / Price!IB30 -> -0.0035431998 | L40: =(Price!IW30 - Price!GL30) / Price!GL30 -> -0.049154746 | M40: =(Price!IW30 - Price!DZ30) / Price!DZ30 -> 0.013163364 | N40: =(Price!IW30 - Price!D30) / Price!D30 -> 0.090692124 | P40: URA | Q40: =Data!C104 -> Glbl X Uranium ETF | R40: =Data!Y104 -> 45.89 | T40: =PERCENTRANK(Data!AA104:'Data'!AV104,Data!AV104) -> 0.571 | U40: 14 | V40: 48 | W40: 88 | X40: =(Price!IW104 - Price!IV104) / Price!IV104 -> 0.043903549 | Y40: =(Price!IW104 - Price!IR104) / Price!IR104 -> -0.0034744843 | Z40: =(Price!IW104 - Price!IB104) / Price!IB104 -> 0.016614976 | AA40: =(Price!IW104 - Price!GL104) / Price!GL104 -> -0.089484127 | AB40: =(Price!IW104 - Price!DZ104) / Price!DZ104 -> 0.24802828 | AC40: =(Price!IW104 - Price!D104) / Price!D104 -> 0.58734002
A41: BOTZ | B41: =Data!C31 -> Glbl X Rob & Art Intel | C41: =Data!Y31 -> 35.96 | E41: =PERCENTRANK(Data!AA31:'Data'!AV31,Data!AV31) -> 0.619 | F41: 31 | G41: 55 | H41: 68 | I41: =(Price!IW31 - Price!IV31) / Price!IV31 -> 0.016968326 | J41: =(Price!IW31 - Price!IR31) / Price!IR31 -> -0.011544805 | K41: =(Price!IW31 - Price!IB31) / Price!IB31 -> 0.062647754 | L41: =(Price!IW31 - Price!GL31) / Price!GL31 -> 0 | M41: =(Price!IW31 - Price!DZ31) / Price!DZ31 -> 0.18095238 | N41: =(Price!IW31 - Price!D31) / Price!D31 -> 0.081503759 | P41: UGA | Q41: =Data!C105 -> United States Gas | R41: =Data!Y105 -> 61.77 | T41: =PERCENTRANK(Data!AA105:'Data'!AV105,Data!AV105) -> 0.095 | U41: 22 | V41: 22 | W41: 28 | X41: =(Price!IW105 - Price!IV105) / Price!IV105 -> 0.0068459658 | Y41: =(Price!IW105 - Price!IR105) / Price!IR105 -> -0.023399209 | Z41: =(Price!IW105 - Price!IB105) / Price!IB105 -> -0.079159213 | AA41: =(Price!IW105 - Price!GL105) / Price!GL105 -> -0.035767304 | AB41: =(Price!IW105 - Price!DZ105) / Price!DZ105 -> -0.081828317 | AC41: =(Price!IW105 - Price!D105) / Price!D105 -> -0.0055638197
A42: AIQ | B42: =Data!C32 -> Glbl X AI & Technology | C42: =Data!Y32 -> 50.73 | E42: =PERCENTRANK(Data!AA32:'Data'!AV32,Data!AV32) -> 0.761 | F42: 34 | G42: 72 | H42: 81 | I42: =(Price!IW32 - Price!IV32) / Price!IV32 -> 0.018674699 | J42: =(Price!IW32 - Price!IR32) / Price!IR32 -> 0.0041567696 | K42: =(Price!IW32 - Price!IB32) / Price!IB32 -> 0.039762246 | L42: =(Price!IW32 - Price!GL32) / Price!GL32 -> 0.021546516 | M42: =(Price!IW32 - Price!DZ32) / Price!DZ32 -> 0.22240964 | N42: =(Price!IW32 - Price!D32) / Price!D32 -> 0.25043135 | P42: CPER | Q42: =Data!C106 -> United States Copper Idx | R42: =Data!Y106 -> 33.6 | T42: =PERCENTRANK(Data!AA106:'Data'!AV106,Data!AV106) -> 0.952 | U42: 84 | V42: 80 | W42: 80 | X42: =(Price!IW106 - Price!IV106) / Price!IV106 -> 0.010222489 | Y42: =(Price!IW106 - Price!IR106) / Price!IR106 -> 0.023454158 | Z42: =(Price!IW106 - Price!IB106) / Price!IB106 -> 0.079344684 | AA42: =(Price!IW106 - Price!GL106) / Price!GL106 -> 0.17400419 | AB42: =(Price!IW106 - Price!DZ106) / Price!DZ106 -> 0.10927699 | AC42: =(Price!IW106 - Price!D106) / Price!D106 -> 0.28538638
A43: XTL | B43: =Data!C33 -> SS SPDR S&P Telecom | C43: =Data!Y33 -> 152.56 | E43: =PERCENTRANK(Data!AA33:'Data'!AV33,Data!AV33) -> 0.809 | F43: 39 | G43: 81 | H43: 86 | I43: =(Price!IW33 - Price!IV33) / Price!IV33 -> 0.039307855 | J43: =(Price!IW33 - Price!IR33) / Price!IR33 -> -0.0027454569 | K43: =(Price!IW33 - Price!IB33) / Price!IB33 -> 0.096890299 | L43: =(Price!IW33 - Price!GL33) / Price!GL33 -> 0.075502291 | M43: =(Price!IW33 - Price!DZ33) / Price!DZ33 -> 0.39207495 | N43: =(Price!IW33 - Price!D33) / Price!D33 -> 0.36336014 | P43: CATL | Q43: =Data!C107 -> WT Live Cattle | R43: =Data!Y107 -> 16.3 | T43: =PERCENTRANK(Data!AA107:'Data'!AV107,Data!AV107) -> 0.809 | X43: =(Price!IW107 - Price!IV107) / Price!IV107 -> #DIV/0! | Y43: =(Price!IW107 - Price!IR107) / Price!IR107 -> #DIV/0! | Z43: =(Price!IW107 - Price!IB107) / Price!IB107 -> #DIV/0! | AA43: =(Price!IW107 - Price!GL107) / Price!GL107 -> #DIV/0! | AB43: =(Price!IW107 - Price!DZ107) / Price!DZ107 -> #DIV/0! | AC43: =(Price!IW107 - Price!D107) / Price!D107 -> #N/A
A44: VOX | B44: =Data!C34 -> Vanguard Comm Indx;ETF | C44: =Data!Y34 -> 191.6 | E44: =PERCENTRANK(Data!AA34:'Data'!AV34,Data!AV34) -> 0.666 | F44: 71 | G44: 74 | H44: 76 | I44: =(Price!IW34 - Price!IV34) / Price!IV34 -> 0.0015158643 | J44: =(Price!IW34 - Price!IR34) / Price!IR34 -> -0.00093857545 | K44: =(Price!IW34 - Price!IB34) / Price!IB34 -> 0.058973084 | L44: =(Price!IW34 - Price!GL34) / Price!GL34 -> 0.0019348429 | M44: =(Price!IW34 - Price!DZ34) / Price!DZ34 -> 0.18286208 | N44: =(Price!IW34 - Price!D34) / Price!D34 -> 0.18031171 | P44: HOGS | Q44: =Data!C108 -> ETFS LEAN HOGS ETC | R44: =Data!Y108 -> 27.46 | T44: =PERCENTRANK(Data!AA108:'Data'!AV108,Data!AV108) -> 0.761 | X44: =(Price!IW108 - Price!IV108) / Price!IV108 -> -0.012102601 | Y44: =(Price!IW108 - Price!IR108) / Price!IR108 -> 0.002750275 | Z44: =(Price!IW108 - Price!IB108) / Price!IB108 -> 0.049510651 | AA44: =(Price!IW108 - Price!GL108) / Price!GL108 -> -0.042038886 | AB44: =(Price!IW108 - Price!DZ108) / Price!DZ108 -> -0.069106383 | AC44: =(Price!IW108 - Price!D108) / Price!D108 -> -0.10403014
A45: FCOM | B45: =Data!C35 -> Fidelity MSCI Comm Svc | C45: =Data!Y35 -> 72.48 | E45: =PERCENTRANK(Data!AA35:'Data'!AV35,Data!AV35) -> 0.714 | F45: 72 | G45: 74 | H45: 76 | I45: =(Price!IW35 - Price!IV35) / Price!IV35 -> -0.00027586207 | J45: =(Price!IW35 - Price!IR35) / Price!IR35 -> -6.8979789e-05 | K45: =(Price!IW35 - Price!IB35) / Price!IB35 -> 0.059804065 | L45: =(Price!IW35 - Price!GL35) / Price!GL35 -> 0.0037390943 | M45: =(Price!IW35 - Price!DZ35) / Price!DZ35 -> 0.18276762 | N45: =(Price!IW35 - Price!D35) / Price!D35 -> 0.17872825 | P45: SLX | Q45: =Data!C109 -> VanEck:Steel | R45: =Data!Y109 -> 84.69 | T45: =PERCENTRANK(Data!AA109:'Data'!AV109,Data!AV109) -> 0.714 | U45: 87 | V45: 87 | W45: 87 | X45: =(Price!IW109 - Price!IV109) / Price!IV109 -> -0.0020032996 | Y45: =(Price!IW109 - Price!IR109) / Price!IR109 -> -0.005519023 | Z45: =(Price!IW109 - Price!IB109) / Price!IB109 -> 0.099384687 | AA45: =(Price!IW109 - Price!GL109) / Price!GL109 -> 0.1712073 | AB45: =(Price!IW109 - Price!DZ109) / Price!DZ109 -> 0.33181318 | AC45: =(Price!IW109 - Price!D109) / Price!D109 -> 0.31465383
A46: FDN | B46: =Data!C36 -> FT:DJ Internet Index Fd | C46: =Data!Y36 -> 270.37 | E46: =PERCENTRANK(Data!AA36:'Data'!AV36,Data!AV36) -> 0.761 | F46: 29 | G46: 29 | H46: 53 | I46: =(Price!IW36 - Price!IV36) / Price!IV36 -> 0.0089562264 | J46: =(Price!IW36 - Price!IR36) / Price!IR36 -> 0.0028188865 | K46: =(Price!IW36 - Price!IB36) / Price!IB36 -> 0.028766029 | L46: =(Price!IW36 - Price!GL36) / Price!GL36 -> -0.056662363 | M46: =(Price!IW36 - Price!DZ36) / Price!DZ36 -> 0.066001656 | N46: =(Price!IW36 - Price!D36) / Price!D36 -> 0.051041829 | P46: SOYB | Q46: =Data!C110 -> Teucrium:Soybean | R46: =Data!Y110 -> 22.01 | T46: =PERCENTRANK(Data!AA110:'Data'!AV110,Data!AV110) -> 0 | U46: 28 | V46: 32 | W46: 48 | X46: =(Price!IW110 - Price!IV110) / Price!IV110 -> -0.0031702899 | Y46: =(Price!IW110 - Price!IR110) / Price!IR110 -> -0.022646536 | Z46: =(Price!IW110 - Price!IB110) / Price!IB110 -> -0.062207073 | AA46: =(Price!IW110 - Price!GL110) / Price!GL110 -> 0.015689894 | AB46: =(Price!IW110 - Price!DZ110) / Price!DZ110 -> -0.016971862 | AC46: =(Price!IW110 - Price!D110) / Price!D110 -> 0.05009542
A47: SOCL | B47: =Data!C37 -> Glbl X Social Media | C47: =Data!Y37 -> 55.1341 | E47: =PERCENTRANK(Data!AA37:'Data'!AV37,Data!AV37) -> 0.523 | F47: 22 | G47: 26 | H47: 59 | I47: =(Price!IW37 - Price!IV37) / Price!IV37 -> 0.011781524 | J47: =(Price!IW37 - Price!IR37) / Price!IR37 -> 0.0073835191 | K47: =(Price!IW37 - Price!IB37) / Price!IB37 -> 0.034313854 | L47: =(Price!IW37 - Price!GL37) / Price!GL37 -> -0.10583685 | M47: =(Price!IW37 - Price!DZ37) / Price!DZ37 -> 0.06849031 | N47: =(Price!IW37 - Price!D37) / Price!D37 -> 0.23480627 | P47: WEAT | Q47: =Data!C111 -> Teucrium:Wheat | R47: =Data!Y111 -> 19.98 | T47: =PERCENTRANK(Data!AA111:'Data'!AV111,Data!AV111) -> 0 | U47: 23 | V47: 19 | W47: 20 | X47: =(Price!IW111 - Price!IV111) / Price!IV111 -> 0.0020060181 | Y47: =(Price!IW111 - Price!IR111) / Price!IR111 -> -0.026790063 | Z47: =(Price!IW111 - Price!IB111) / Price!IB111 -> -0.061971831 | AA47: =(Price!IW111 - Price!GL111) / Price!GL111 -> -0.030097087 | AB47: =(Price!IW111 - Price!DZ111) / Price!DZ111 -> -0.1675 | AC47: =(Price!IW111 - Price!D111) / Price!D111 -> -0.1675
A48: XRT | B48: =Data!C38 -> SS SPDR S&P Retail | C48: =Data!Y38 -> 87.51 | E48: =PERCENTRANK(Data!AA38:'Data'!AV38,Data!AV38) -> 0.714 | F48: 76 | G48: 74 | H48: 68 | I48: =(Price!IW38 - Price!IV38) / Price!IV38 -> 0.0025203345 | J48: =(Price!IW38 - Price!IR38) / Price!IR38 -> -0.0043235863 | K48: =(Price!IW38 - Price!IB38) / Price!IB38 -> 0.11719648 | L48: =(Price!IW38 - Price!GL38) / Price!GL38 -> 0.0095754499 | M48: =(Price!IW38 - Price!DZ38) / Price!DZ38 -> 0.13634593 | N48: =(Price!IW38 - Price!D38) / Price!D38 -> 0.047396768 | P48: DBC | Q48: =Data!C112 -> Invesco DB Cm Idx | R48: =Data!Y112 -> 22.85 | T48: =PERCENTRANK(Data!AA112:'Data'!AV112,Data!AV112) -> 0.285 | U48: 48 | V48: 42 | W48: 45 | X48: =(Price!IW112 - Price!IV112) / Price!IV112 -> 0.0070515646 | Y48: =(Price!IW112 - Price!IR112) / Price!IR112 -> -0.0030541012 | Z48: =(Price!IW112 - Price!IB112) / Price!IB112 -> -0.0021834061 | AA48: =(Price!IW112 - Price!GL112) / Price!GL112 -> 0.026504942 | AB48: =(Price!IW112 - Price!DZ112) / Price!DZ112 -> -0.017626827 | AC48: =(Price!IW112 - Price!D112) / Price!D112 -> 0.027890238
A49: IBUY | B49: =Data!C39 -> Amplify Online Retail | C49: =Data!Y39 -> 75.4913 | E49: =PERCENTRANK(Data!AA39:'Data'!AV39,Data!AV39) -> 0.904 | F49: 60 | G49: 65 | H49: 68 | I49: =(Price!IW39 - Price!IV39) / Price!IV39 -> 0.0047260841 | J49: =(Price!IW39 - Price!IR39) / Price!IR39 -> -0.0010863611 | K49: =(Price!IW39 - Price!IB39) / Price!IB39 -> 0.075934068 | L49: =(Price!IW39 - Price!GL39) / Price!GL39 -> -0.030173433 | M49: =(Price!IW39 - Price!DZ39) / Price!DZ39 -> 0.13129647 | N49: =(Price!IW39 - Price!D39) / Price!D39 -> 0.090599538 | P49: IEMG | Q49: =Data!C113 -> iShares:Core MSCI EmMkts | R49: =Data!Y113 -> 66.09 | T49: =PERCENTRANK(Data!AA113:'Data'!AV113,Data!AV113) -> 0.142 | U49: 29 | V49: 55 | W49: 73 | X49: =(Price!IW113 - Price!IV113) / Price!IV113 -> 0.010550459 | Y49: =(Price!IW113 - Price!IR113) / Price!IR113 -> -0.011959934 | Z49: =(Price!IW113 - Price!IB113) / Price!IB113 -> -0.0061654135 | AA49: =(Price!IW113 - Price!GL113) / Price!GL113 -> 0.0022747953 | AB49: =(Price!IW113 - Price!DZ113) / Price!DZ113 -> 0.14799375 | AC49: =(Price!IW113 - Price!D113) / Price!D113 -> 0.20448332
A50: CARZ | B50: =Data!C40 -> FT II:SNet Fut Vhc & Tch | C50: =Data!Y40 -> 77.3197 | E50: =PERCENTRANK(Data!AA40:'Data'!AV40,Data!AV40) -> 0.761 | F50: 47 | G50: 80 | H50: 84 | I50: =(Price!IW40 - Price!IV40) / Price!IV40 -> 0.0012642225 | J50: =(Price!IW40 - Price!IR40) / Price!IR40 -> 0.0076335878 | K50: =(Price!IW40 - Price!IB40) / Price!IB40 -> 0.0076335878 | L50: =(Price!IW40 - Price!GL40) / Price!GL40 -> 0.0050761421 | M50: =(Price!IW40 - Price!DZ40) / Price!DZ40 -> 0.064516129 | N50: =(Price!IW40 - Price!D40) / Price!D40 -> 0.061662198 | P50: EUE | Q50: =Data!C114 -> iShs Cr EUR STXX 50 ETFEURD | R50: =Data!Y114 -> 58.46 | T50: =PERCENTRANK(Data!AA114:'Data'!AV114,Data!AV114) -> 0.809 | X50: =(Price!IW114 - Price!IV114) / Price!IV114 -> -0.006354113 | Y50: =(Price!IW114 - Price!IR114) / Price!IR114 -> -0.0046447617 | Z50: =(Price!IW114 - Price!IB114) / Price!IB114 -> 0.028988085 | AA50: =(Price!IW114 - Price!GL114) / Price!GL114 -> 0.042334714 | AB50: =(Price!IW114 - Price!DZ114) / Price!DZ114 -> 0.076665426 | AC50: =(Price!IW114 - Price!D114) / Price!D114 -> 0.15213063
A51: IDRV | B51: =Data!C41 -> iShares:Self-Dri EV&Tech | C51: =Data!Y41 -> 38.43 | E51: =PERCENTRANK(Data!AA41:'Data'!AV41,Data!AV41) -> 0.904 | F51: 42 | G51: 77 | H51: 80 | I51: =(Price!IW41 - Price!IV41) / Price!IV41 -> 0.019239032 | J51: =(Price!IW41 - Price!IR41) / Price!IR41 -> -0.0027765524 | K51: =(Price!IW41 - Price!IB41) / Price!IB41 -> 0.029742765 | L51: =(Price!IW41 - Price!GL41) / Price!GL41 -> 0.046283692 | M51: =(Price!IW41 - Price!DZ41) / Price!DZ41 -> 0.3049236 | N51: =(Price!IW41 - Price!D41) / Price!D41 -> 0.25584131 | P51: C6E | Q51: =Data!C115 -> Amundi StoxxEupe600 ESG UETF A | R51: =Data!Y115 -> #N/A | T51: =PERCENTRANK(Data!AA115:'Data'!AV115,Data!AV115) -> #N/A | X51: =(Price!IW115 - Price!IV115) / Price!IV115 -> -0.0023432116 | Y51: =(Price!IW115 - Price!IR115) / Price!IR115 -> -0.0038535645 | Z51: =(Price!IW115 - Price!IB115) / Price!IB115 -> 0.00034275353 | AA51: =(Price!IW115 - Price!GL115) / Price!GL115 -> 0.059813266 | AB51: =(Price!IW115 - Price!DZ115) / Price!DZ115 -> 0.079529947 | AC51: =(Price!IW115 - Price!D115) / Price!D115 -> 0.13933117
A52: ITB | B52: =Data!C42 -> iShares:US Home Cons ETF | C52: =Data!Y42 -> 98.18 | E52: =PERCENTRANK(Data!AA42:'Data'!AV42,Data!AV42) -> 0.095 | F52: 25 | G52: 31 | H52: 34 | I52: =(Price!IW42 - Price!IV42) / Price!IV42 -> -0.017118831 | J52: =(Price!IW42 - Price!IR42) / Price!IR42 -> -0.042426607 | K52: =(Price!IW42 - Price!IB42) / Price!IB42 -> 0.046471968 | L52: =(Price!IW42 - Price!GL42) / Price!GL42 -> -0.079591263 | M52: =(Price!IW42 - Price!DZ42) / Price!DZ42 -> 0.095331065 | N52: =(Price!IW42 - Price!D42) / Price!D42 -> -0.11232626 | P52: FEZ | Q52: =Data!C116 -> SPDR EURO STOXX 50 | R52: =Data!Y116 -> 64.62 | T52: =PERCENTRANK(Data!AA116:'Data'!AV116,Data!AV116) -> 0.809 | U52: 71 | V52: 72 | W52: 76 | X52: =(Price!IW116 - Price!IV116) / Price!IV116 -> 0.0051329911 | Y52: =(Price!IW116 - Price!IR116) / Price!IR116 -> 0.0027932961 | Z52: =(Price!IW116 - Price!IB116) / Price!IB116 -> 0.05364422 | AA52: =(Price!IW116 - Price!GL116) / Price!GL116 -> 0.054331865 | AB52: =(Price!IW116 - Price!DZ116) / Price!DZ116 -> 0.10461538 | AC52: =(Price!IW116 - Price!D116) / Price!D116 -> 0.30203506
A53: XHB | B53: =Data!C43 -> SS SPDR S&P Homebuilders | C53: =Data!Y43 -> 105.07 | E53: =PERCENTRANK(Data!AA43:'Data'!AV43,Data!AV43) -> 0.142 | F53: 33 | G53: 40 | H53: 48 | I53: =(Price!IW43 - Price!IV43) / Price!IV43 -> -0.011942825 | J53: =(Price!IW43 - Price!IR43) / Price!IR43 -> -0.02604746 | K53: =(Price!IW43 - Price!IB43) / Price!IB43 -> 0.05259467 | L53: =(Price!IW43 - Price!GL43) / Price!GL43 -> -0.05453073 | M53: =(Price!IW43 - Price!DZ43) / Price!DZ43 -> 0.10821643 | N53: =(Price!IW43 - Price!D43) / Price!D43 -> -0.072475282 | P53: E40 | Q53: =Data!C117 -> BNPP Easy CAC 40 ESG UCITS ETF | R53: =Data!Y117 -> 13.18 | T53: =PERCENTRANK(Data!AA117:'Data'!AV117,Data!AV117) -> 0.761 | X53: =(Price!IW117 - Price!IV117) / Price!IV117 -> 0 | Y53: =(Price!IW117 - Price!IR117) / Price!IR117 -> -0.0041152263 | Z53: =(Price!IW117 - Price!IB117) / Price!IB117 -> -0.020536651 | AA53: =(Price!IW117 - Price!GL117) / Price!GL117 -> 0.0041493776 | AB53: =(Price!IW117 - Price!DZ117) / Price!DZ117 -> 0.028490477 | AC53: =(Price!IW117 - Price!D117) / Price!D117 -> 0.10558376
A54: PEJ | B54: =Data!C44 -> Invesco Leisure and Ent | C54: =Data!Y44 -> 61.69 | E54: =PERCENTRANK(Data!AA44:'Data'!AV44,Data!AV44) -> 1 | F54: 77 | G54: 68 | H54: 78 | I54: =(Price!IW44 - Price!IV44) / Price!IV44 -> 0.0076772297 | J54: =(Price!IW44 - Price!IR44) / Price!IR44 -> 0.004723127 | K54: =(Price!IW44 - Price!IB44) / Price!IB44 -> 0.081901087 | L54: =(Price!IW44 - Price!GL44) / Price!GL44 -> -0.002748141 | M54: =(Price!IW44 - Price!DZ44) / Price!DZ44 -> 0.13651437 | N54: =(Price!IW44 - Price!D44) / Price!D44 -> 0.13756223 | P54: DAX | Q54: =Data!C118 -> Glbl X DAX Germany | R54: =Data!Y118 -> 45.16 | T54: =PERCENTRANK(Data!AA118:'Data'!AV118,Data!AV118) -> 0.761 | U54: 62 | V54: 51 | W54: 70 | X54: =(Price!IW118 - Price!IV118) / Price!IV118 -> 0.0044483986 | Y54: =(Price!IW118 - Price!IR118) / Price!IR118 -> -0.0019889503 | Z54: =(Price!IW118 - Price!IB118) / Price!IB118 -> 0.059713295 | AA54: =(Price!IW118 - Price!GL118) / Price!GL118 -> 0.019873532 | AB54: =(Price!IW118 - Price!DZ118) / Price!DZ118 -> 0.043920481 | AC54: =(Price!IW118 - Price!D118) / Price!D118 -> 0.30141842
A55: VDC | B55: =Data!C45 -> Vanguard Cnsmr Stp;ETF | C55: =Data!Y45 -> 212.94 | E55: =PERCENTRANK(Data!AA45:'Data'!AV45,Data!AV45) -> 0.238 | F55: 56 | G55: 32 | H55: 34 | I55: =(Price!IW45 - Price!IV45) / Price!IV45 -> -0.0051857043 | J55: =(Price!IW45 - Price!IR45) / Price!IR45 -> -0.015442944 | K55: =(Price!IW45 - Price!IB45) / Price!IB45 -> 0.022815697 | L55: =(Price!IW45 - Price!GL45) / Price!GL45 -> -0.0074115508 | M55: =(Price!IW45 - Price!DZ45) / Price!DZ45 -> -0.025357012 | N55: =(Price!IW45 - Price!D45) / Price!D45 -> -0.035510463 | P55: ISF | Q55: =Data!C119 -> iShs Cr FTSE 100 ETF GBPD | R55: =Data!Y119 -> 10.166 | T55: =PERCENTRANK(Data!AA119:'Data'!AV119,Data!AV119) -> 0.285 | X55: =(Price!IW119 - Price!IV119) / Price!IV119 -> 0.011560694 | Y55: =(Price!IW119 - Price!IR119) / Price!IR119 -> 0.0041551247 | Z55: =(Price!IW119 - Price!IB119) / Price!IB119 -> -0.040098354 | AA55: =(Price!IW119 - Price!GL119) / Price!GL119 -> -0.012645914 | AB55: =(Price!IW119 - Price!DZ119) / Price!DZ119 -> 0.01510151 | AC55: =(Price!IW119 - Price!D119) / Price!D119 -> 0.048770407
A56: FSTA | B56: =Data!C46 -> Fidelity MSCI Cons Stpls | C56: =Data!Y46 -> 49.61 | E56: =PERCENTRANK(Data!AA46:'Data'!AV46,Data!AV46) -> 0.238 | F56: 62 | G56: 34 | H56: 34 | I56: =(Price!IW46 - Price!IV46) / Price!IV46 -> -0.010767697 | J56: =(Price!IW46 - Price!IR46) / Price!IR46 -> -0.015283843 | K56: =(Price!IW46 - Price!IB46) / Price!IB46 -> 0.022675737 | L56: =(Price!IW46 - Price!GL46) / Price!GL46 -> -0.0026135907 | M56: =(Price!IW46 - Price!DZ46) / Price!DZ46 -> -0.022848139 | N56: =(Price!IW46 - Price!D46) / Price!D46 -> -0.036886042 | P56: FXI | Q56: =Data!C120 -> iShares:China Large Cp | R56: =Data!Y120 -> 38.6 | T56: =PERCENTRANK(Data!AA120:'Data'!AV120,Data!AV120) -> 0.142 | U56: 22 | V56: 30 | W56: 53 | X56: =(Price!IW120 - Price!IV120) / Price!IV120 -> 0.010206752 | Y56: =(Price!IW120 - Price!IR120) / Price!IR120 -> -0.012282497 | Z56: =(Price!IW120 - Price!IB120) / Price!IB120 -> -0.013040143 | AA56: =(Price!IW120 - Price!GL120) / Price!GL120 -> -0.050430504 | AB56: =(Price!IW120 - Price!DZ120) / Price!DZ120 -> 0.086711712 | AC56: =(Price!IW120 - Price!D120) / Price!D120 -> 0.26185028
A57: KXI | B57: =Data!C47 -> iShares:Glbl Con Staples | C57: =Data!Y47 -> 64.86 | E57: =PERCENTRANK(Data!AA47:'Data'!AV47,Data!AV47) -> 0.238 | F57: 58 | G57: 42 | H57: 48 | I57: =(Price!IW47 - Price!IV47) / Price!IV47 -> -0.0046040516 | J57: =(Price!IW47 - Price!IR47) / Price!IR47 -> -0.015333232 | K57: =(Price!IW47 - Price!IB47) / Price!IB47 -> 0.016933208 | L57: =(Price!IW47 - Price!GL47) / Price!GL47 -> 0.008082064 | M57: =(Price!IW47 - Price!DZ47) / Price!DZ47 -> -0.0010780841 | N57: =(Price!IW47 - Price!D47) / Price!D47 -> 0.028381164 | P57: EEM | Q57: =Data!C121 -> iShares:MSCI Em Mkts | R57: =Data!Y121 -> 53.72 | T57: =PERCENTRANK(Data!AA121:'Data'!AV121,Data!AV121) -> 0.142 | U57: 31 | V57: 61 | W57: 75 | X57: =(Price!IW121 - Price!IV121) / Price!IV121 -> 0.0097744361 | Y57: =(Price!IW121 - Price!IR121) / Price!IR121 -> -0.0095870206 | Z57: =(Price!IW121 - Price!IB121) / Price!IB121 -> -0.0024141133 | AA57: =(Price!IW121 - Price!GL121) / Price!GL121 -> 0.0084475314 | AB57: =(Price!IW121 - Price!DZ121) / Price!DZ121 -> 0.15950788 | AC57: =(Price!IW121 - Price!D121) / Price!D121 -> 0.2267641
A58: PBJ | B58: =Data!C48 -> Invesco Food & Beverage | C58: =Data!Y48 -> 45.6011 | E58: =PERCENTRANK(Data!AA48:'Data'!AV48,Data!AV48) -> 0.761 | F58: 67 | G58: 32 | H58: 32 | I58: =(Price!IW48 - Price!IV48) / Price!IV48 -> -0.0019457212 | J58: =(Price!IW48 - Price!IR48) / Price!IR48 -> 0.002442295 | K58: =(Price!IW48 - Price!IB48) / Price!IB48 -> 0.039289198 | L58: =(Price!IW48 - Price!GL48) / Price!GL48 -> 0.00024347445 | M58: =(Price!IW48 - Price!DZ48) / Price!DZ48 -> -0.036121327 | N58: =(Price!IW48 - Price!D48) / Price!D48 -> -0.060085085 | P58: EWJ | Q58: =Data!C122 -> iShares:MSCI Japan | R58: =Data!Y122 -> 80.58 | T58: =PERCENTRANK(Data!AA122:'Data'!AV122,Data!AV122) -> 0.047 | X58: =(Price!IW122 - Price!IV122) / Price!IV122 -> 0.0076278604 | Y58: =(Price!IW122 - Price!IR122) / Price!IR122 -> -0.040714286 | Z58: =(Price!IW122 - Price!IB122) / Price!IB122 -> -0.0012394646 | AA58: =(Price!IW122 - Price!GL122) / Price!GL122 -> -0.0082461538 | AB58: =(Price!IW122 - Price!DZ122) / Price!DZ122 -> 0.1229097 | AC58: =(Price!IW122 - Price!D122) / Price!D122 -> 0.16478751
A59: VPU | B59: =Data!C49 -> Vanguard Util Indx;ETF | C59: =Data!Y49 -> 183.5 | E59: =PERCENTRANK(Data!AA49:'Data'!AV49,Data!AV49) -> 0 | F59: 28 | G59: 39 | H59: 62 | I59: =(Price!IW49 - Price!IV49) / Price!IV49 -> -0.013334767 | J59: =(Price!IW49 - Price!IR49) / Price!IR49 -> -0.013493898 | K59: =(Price!IW49 - Price!IB49) / Price!IB49 -> -0.043074677 | L59: =(Price!IW49 - Price!GL49) / Price!GL49 -> -0.016085791 | M59: =(Price!IW49 - Price!DZ49) / Price!DZ49 -> 0.050131624 | N59: =(Price!IW49 - Price!D49) / Price!D49 -> 0.10144058 | P59: EWU | Q59: =Data!C123 -> iShares:MSCI UK | R59: =Data!Y123 -> 43.54 | T59: =PERCENTRANK(Data!AA123:'Data'!AV123,Data!AV123) -> 0.952 | U59: 64 | V59: 66 | W59: 75 | X59: =(Price!IW123 - Price!IV123) / Price!IV123 -> 0.0095061442 | Y59: =(Price!IW123 - Price!IR123) / Price!IR123 -> 0.0060073937 | Z59: =(Price!IW123 - Price!IB123) / Price!IB123 -> 0.043374071 | AA59: =(Price!IW123 - Price!GL123) / Price!GL123 -> 0.046383081 | AB59: =(Price!IW123 - Price!DZ123) / Price!DZ123 -> 0.11928021 | AC59: =(Price!IW123 - Price!D123) / Price!D123 -> 0.22890206
A60: FUTY | B60: =Data!C50 -> Fidelity MSCI Utilities | C60: =Data!Y50 -> 54.79 | E60: =PERCENTRANK(Data!AA50:'Data'!AV50,Data!AV50) -> 0.047 | F60: 32 | G60: 46 | H60: 62 | I60: =(Price!IW50 - Price!IV50) / Price!IV50 -> -0.019330589 | J60: =(Price!IW50 - Price!IR50) / Price!IR50 -> -0.012258879 | K60: =(Price!IW50 - Price!IB50) / Price!IB50 -> -0.041630226 | L60: =(Price!IW50 - Price!GL50) / Price!GL50 -> -0.0085052479 | M60: =(Price!IW50 - Price!DZ50) / Price!DZ50 -> 0.058130552 | N60: =(Price!IW50 - Price!D50) / Price!D50 -> 0.1046371 | P60: EWZ | Q60: =Data!C124 -> iShares:MSCI Brazil | R60: =Data!Y124 -> 31.17 | T60: =PERCENTRANK(Data!AA124:'Data'!AV124,Data!AV124) -> 0 | U60: 31 | V60: 66 | W60: 76 | X60: =(Price!IW124 - Price!IV124) / Price!IV124 -> 0 | Y60: =(Price!IW124 - Price!IR124) / Price!IR124 -> -0.06452581 | Z60: =(Price!IW124 - Price!IB124) / Price!IB124 -> -0.040627886 | AA60: =(Price!IW124 - Price!GL124) / Price!GL124 -> 0.012341669 | AB60: =(Price!IW124 - Price!DZ124) / Price!DZ124 -> 0.12649078 | AC60: =(Price!IW124 - Price!D124) / Price!D124 -> 0.26194332
A61: IDU | B61: =Data!C51 -> iShares:US Utl | C61: =Data!Y51 -> 107.4 | E61: =PERCENTRANK(Data!AA51:'Data'!AV51,Data!AV51) -> 0.047 | F61: 31 | G61: 35 | H61: 59 | I61: =(Price!IW51 - Price!IV51) / Price!IV51 -> -0.012504597 | J61: =(Price!IW51 - Price!IR51) / Price!IR51 -> -0.010958652 | K61: =(Price!IW51 - Price!IB51) / Price!IB51 -> -0.038926174 | L61: =(Price!IW51 - Price!GL51) / Price!GL51 -> -0.0092250923 | M61: =(Price!IW51 - Price!DZ51) / Price!DZ51 -> 0.042010284 | N61: =(Price!IW51 - Price!D51) / Price!D51 -> 0.093574992 | P61: EWG | Q61: =Data!C125 -> iShares:MSCI Germany | R61: =Data!Y125 -> 41.94 | T61: =PERCENTRANK(Data!AA125:'Data'!AV125,Data!AV125) -> #N/A | U61: 66 | V61: 50 | W61: 68 | X61: =(Price!IW125 - Price!IV125) / Price!IV125 -> -1 | Y61: =(Price!IW125 - Price!IR125) / Price!IR125 -> -1 | Z61: =(Price!IW125 - Price!IB125) / Price!IB125 -> #N/A | AA61: =(Price!IW125 - Price!GL125) / Price!GL125 -> #N/A | AB61: =(Price!IW125 - Price!DZ125) / Price!DZ125 -> #N/A | AC61: =(Price!IW125 - Price!D125) / Price!D125 -> #N/A
A62: IYE | B62: =Data!C52 -> iShares:US Energy | C62: =Data!Y52 -> 46.55 | E62: =PERCENTRANK(Data!AA52:'Data'!AV52,Data!AV52) -> 0.047 | F62: 32 | G62: 30 | H62: 39 | I62: =(Price!IW52 - Price!IV52) / Price!IV52 -> 0.0008600301 | J62: =(Price!IW52 - Price!IR52) / Price!IR52 -> -0.036431381 | K62: =(Price!IW52 - Price!IB52) / Price!IB52 -> -0.025335008 | L62: =(Price!IW52 - Price!GL52) / Price!GL52 -> -0.0036386986 | M62: =(Price!IW52 - Price!DZ52) / Price!DZ52 -> -0.0074626866 | N62: =(Price!IW52 - Price!D52) / Price!D52 -> 0.0047485431 | P62: EWT | Q62: =Data!C126 -> iShares:MSCI Taiwan | R62: =Data!Y126 -> 61.64 | T62: =PERCENTRANK(Data!AA126:'Data'!AV126,Data!AV126) -> 0.142 | U62: 21 | V62: 30 | W62: 65 | X62: =(Price!IW126 - Price!IV126) / Price!IV126 -> 0.01264991 | Y62: =(Price!IW126 - Price!IR126) / Price!IR126 -> -0.038377535 | Z62: =(Price!IW126 - Price!IB126) / Price!IB126 -> -0.01376 | AA62: =(Price!IW126 - Price!GL126) / Price!GL126 -> -0.037175883 | AB62: =(Price!IW126 - Price!DZ126) / Price!DZ126 -> 0.12399708 | AC62: =(Price!IW126 - Price!D126) / Price!D126 -> 0.13183988
A63: VDE | B63: =Data!C53 -> Vanguard Energy Idx;ETF | C63: =Data!Y53 -> 123.39 | E63: =PERCENTRANK(Data!AA53:'Data'!AV53,Data!AV53) -> 0 | F63: 30 | G63: 30 | H63: 34 | I63: =(Price!IW53 - Price!IV53) / Price!IV53 -> 0.0022743888 | J63: =(Price!IW53 - Price!IR53) / Price!IR53 -> -0.03826968 | K63: =(Price!IW53 - Price!IB53) / Price!IB53 -> -0.025586354 | L63: =(Price!IW53 - Price!GL53) / Price!GL53 -> -0.010028883 | M63: =(Price!IW53 - Price!DZ53) / Price!DZ53 -> -0.012326903 | N63: =(Price!IW53 - Price!D53) / Price!D53 -> 0.0023558083 | P63: EWH | Q63: =Data!C127 -> iShares:MSCI Hong Kong | R63: =Data!Y127 -> 21.61 | T63: =PERCENTRANK(Data!AA127:'Data'!AV127,Data!AV127) -> 0.19 | U63: 33 | V63: 50 | W63: 75 | X63: =(Price!IW127 - Price!IV127) / Price!IV127 -> 0.0079291045 | Y63: =(Price!IW127 - Price!IR127) / Price!IR127 -> -0.011888432 | Z63: =(Price!IW127 - Price!IB127) / Price!IB127 -> -0.012791229 | AA63: =(Price!IW127 - Price!GL127) / Price!GL127 -> 0.010757717 | AB63: =(Price!IW127 - Price!DZ127) / Price!DZ127 -> 0.13736842 | AC63: =(Price!IW127 - Price!D127) / Price!D127 -> 0.26522248
A64: XOP | B64: =Data!C54 -> SS SPDR S&P Oil&Gas Exp | C64: =Data!Y54 -> 125.56 | E64: =PERCENTRANK(Data!AA54:'Data'!AV54,Data!AV54) -> 0.047 | F64: 23 | G64: 23 | H64: 27 | I64: =(Price!IW54 - Price!IV54) / Price!IV54 -> 0.0037572947 | J64: =(Price!IW54 - Price!IR54) / Price!IR54 -> -0.04683823 | K64: =(Price!IW54 - Price!IB54) / Price!IB54 -> -0.047922354 | L64: =(Price!IW54 - Price!GL54) / Price!GL54 -> -0.035563407 | M64: =(Price!IW54 - Price!DZ54) / Price!DZ54 -> -0.06681531 | N64: =(Price!IW54 - Price!D54) / Price!D54 -> -0.051661631 | P64: EWI | Q64: =Data!C128 -> iShares:MSCI Italy | R64: =Data!Y128 -> 54.21 | T64: =PERCENTRANK(Data!AA128:'Data'!AV128,Data!AV128) -> 0.904 | U64: 75 | V64: 76 | W64: 84 | X64: =(Price!IW128 - Price!IV128) / Price!IV128 -> 0.0074335625 | Y64: =(Price!IW128 - Price!IR128) / Price!IR128 -> 0.01024972 | Z64: =(Price!IW128 - Price!IB128) / Price!IB128 -> 0.055901831 | AA64: =(Price!IW128 - Price!GL128) / Price!GL128 -> 0.047738693 | AB64: =(Price!IW128 - Price!DZ128) / Price!DZ128 -> 0.16932701 | AC64: =(Price!IW128 - Price!D128) / Price!D128 -> 0.44675741
A65: IEO | B65: =Data!C55 -> iShares:US O&G E&P ETF | C65: =Data!Y55 -> 88.42 | E65: =PERCENTRANK(Data!AA55:'Data'!AV55,Data!AV55) -> 0.047 | F65: 25 | G65: 24 | H65: 30 | I65: =(Price!IW55 - Price!IV55) / Price!IV55 -> 0.0016993316 | J65: =(Price!IW55 - Price!IR55) / Price!IR55 -> -0.055039008 | K65: =(Price!IW55 - Price!IB55) / Price!IB55 -> -0.044830939 | L65: =(Price!IW55 - Price!GL55) / Price!GL55 -> -0.02201084 | M65: =(Price!IW55 - Price!DZ55) / Price!DZ55 -> -0.053217689 | N65: =(Price!IW55 - Price!D55) / Price!D55 -> -0.020059847 | P65: EWW | Q65: =Data!C129 -> iShares:MSCI Mexico | R65: =Data!Y129 -> 68.85 | T65: =PERCENTRANK(Data!AA129:'Data'!AV129,Data!AV129) -> 0.714 | U65: 69 | V65: 77 | W65: 84 | X65: =(Price!IW129 - Price!IV129) / Price!IV129 -> 0.0014545455 | Y65: =(Price!IW129 - Price!IR129) / Price!IR129 -> -0.026029141 | Z65: =(Price!IW129 - Price!IB129) / Price!IB129 -> 0.031151715 | AA65: =(Price!IW129 - Price!GL129) / Price!GL129 -> 0.029147982 | AB65: =(Price!IW129 - Price!DZ129) / Price!DZ129 -> 0.18482189 | AC65: =(Price!IW129 - Price!D129) / Price!D129 -> 0.33897316
A66: OIH | B66: =Data!C56 -> VanEck:Oil Services | C66: =Data!Y56 -> 285.39 | E66: =PERCENTRANK(Data!AA56:'Data'!AV56,Data!AV56) -> 0.095 | F66: 69 | G66: 78 | H66: 70 | I66: =(Price!IW56 - Price!IV56) / Price!IV56 -> 0.009979828 | J66: =(Price!IW56 - Price!IR56) / Price!IR56 -> -0.0474617 | K66: =(Price!IW56 - Price!IB56) / Price!IB56 -> 0.009979828 | L66: =(Price!IW56 - Price!GL56) / Price!GL56 -> 0.11996704 | M66: =(Price!IW56 - Price!DZ56) / Price!DZ56 -> 0.17507308 | N66: =(Price!IW56 - Price!D56) / Price!D56 -> 0.017977528 | P66: PIN | Q66: =Data!C130 -> Invesco India | R66: =Data!Y130 -> 26.14 | T66: =PERCENTRANK(Data!AA130:'Data'!AV130,Data!AV130) -> 0.619 | U66: 38 | V66: 32 | W66: 32 | X66: =(Price!IW130 - Price!IV130) / Price!IV130 -> 0.017516543 | Y66: =(Price!IW130 - Price!IR130) / Price!IR130 -> 0.022291748 | Z66: =(Price!IW130 - Price!IB130) / Price!IB130 -> -0.012839879 | AA66: =(Price!IW130 - Price!GL130) / Price!GL130 -> 0.012393493 | AB66: =(Price!IW130 - Price!DZ130) / Price!DZ130 -> -0.0015507666 | AC66: =(Price!IW130 - Price!D130) / Price!D130 -> -0.10601915
A67: IXC | B67: =Data!C57 -> iShares:Glbl Energy | C67: =Data!Y57 -> 40.97 | E67: =PERCENTRANK(Data!AA57:'Data'!AV57,Data!AV57) -> 0.047 | F67: 27 | G67: 29 | H67: 45 | I67: =(Price!IW57 - Price!IV57) / Price!IV57 -> 0.0046591466 | J67: =(Price!IW57 - Price!IR57) / Price!IR57 -> -0.04476568 | K67: =(Price!IW57 - Price!IB57) / Price!IB57 -> -0.041413196 | L67: =(Price!IW57 - Price!GL57) / Price!GL57 -> -0.0079903148 | M67: =(Price!IW57 - Price!DZ57) / Price!DZ57 -> 0.0088648116 | N67: =(Price!IW57 - Price!D57) / Price!D57 -> 0.045953536 | P67: IDX | Q67: =Data!C131 -> VanEck:Indonesia Index | R67: =Data!Y131 -> 17.21 | T67: =PERCENTRANK(Data!AA131:'Data'!AV131,Data!AV131) -> 0.666 | U67: 79 | V67: 78 | W67: 81 | X67: =(Price!IW131 - Price!IV131) / Price!IV131 -> 0.00058139535 | Y67: =(Price!IW131 - Price!IR131) / Price!IR131 -> 0.0017462165 | Z67: =(Price!IW131 - Price!IB131) / Price!IB131 -> 0.03177458 | AA67: =(Price!IW131 - Price!GL131) / Price!GL131 -> 0.071286291 | AB67: =(Price!IW131 - Price!DZ131) / Price!DZ131 -> 0.2077193 | AC67: =(Price!IW131 - Price!D131) / Price!D131 -> 0.066955983
A68: IBB | B68: =Data!C58 -> iShares:Biotechnology | C68: =Data!Y58 -> 170.2 | E68: =PERCENTRANK(Data!AA58:'Data'!AV58,Data!AV58) -> 0.619 | F68: 80 | G68: 87 | H68: 85 | I68: =(Price!IW58 - Price!IV58) / Price!IV58 -> 0.024129009 | J68: =(Price!IW58 - Price!IR58) / Price!IR58 -> 0.0046039429 | K68: =(Price!IW58 - Price!IB58) / Price!IB58 -> 0.030141629 | L68: =(Price!IW58 - Price!GL58) / Price!GL58 -> 0.18680706 | M68: =(Price!IW58 - Price!DZ58) / Price!DZ58 -> 0.35606725 | N68: =(Price!IW58 - Price!D58) / Price!D58 -> 0.24007286 | P68: EWY | Q68: =Data!C132 -> iShares:MSCI S Korea | R68: =Data!Y132 -> 91.34 | T68: =PERCENTRANK(Data!AA132:'Data'!AV132,Data!AV132) -> 0.285 | U68: 58 | V68: 84 | W68: 91 | X68: =(Price!IW132 - Price!IV132) / Price!IV132 -> 0.014100144 | Y68: =(Price!IW132 - Price!IR132) / Price!IR132 -> -0.014352002 | Z68: =(Price!IW132 - Price!IB132) / Price!IB132 -> 0.0086130742 | AA68: =(Price!IW132 - Price!GL132) / Price!GL132 -> 0.11991172 | AB68: =(Price!IW132 - Price!DZ132) / Price!DZ132 -> 0.33284693 | AC68: =(Price!IW132 - Price!D132) / Price!D132 -> 0.64339691
A69: XBI | B69: =Data!C59 -> SS SPDR S&P Biotech | C69: =Data!Y59 -> 123.43 | E69: =PERCENTRANK(Data!AA59:'Data'!AV59,Data!AV59) -> 1 | F69: 86 | G69: 92 | H69: 90 | I69: =(Price!IW59 - Price!IV59) / Price!IV59 -> 0.028497625 | J69: =(Price!IW59 - Price!IR59) / Price!IR59 -> 0.0024364493 | K69: =(Price!IW59 - Price!IB59) / Price!IB59 -> 0.077991266 | L69: =(Price!IW59 - Price!GL59) / Price!GL59 -> 0.26855087 | M69: =(Price!IW59 - Price!DZ59) / Price!DZ59 -> 0.49830056 | N69: =(Price!IW59 - Price!D59) / Price!D59 -> 0.30255382 | P69: EWA | Q69: =Data!C133 -> iShares:MSCI Australia | R69: =Data!Y133 -> 25.88 | T69: =PERCENTRANK(Data!AA133:'Data'!AV133,Data!AV133) -> 0.19 | U69: 28 | V69: 27 | W69: 48 | X69: =(Price!IW133 - Price!IV133) / Price!IV133 -> 0.0027121271 | Y69: =(Price!IW133 - Price!IR133) / Price!IR133 -> -0.02413273 | Z69: =(Price!IW133 - Price!IB133) / Price!IB133 -> 0.022924901 | AA69: =(Price!IW133 - Price!GL133) / Price!GL133 -> -0.038632987 | AB69: =(Price!IW133 - Price!DZ133) / Price!DZ133 -> 0.012915851 | AC69: =(Price!IW133 - Price!D133) / Price!D133 -> 0.029025845
A70: PBE | B70: =Data!C60 -> Invesco Biotech & Genome | C70: =Data!Y60 -> 82.7052 | E70: =PERCENTRANK(Data!AA60:'Data'!AV60,Data!AV60) -> 0.761 | F70: 82 | G70: 85 | H70: 83 | I70: =(Price!IW60 - Price!IV60) / Price!IV60 -> 0.034637537 | J70: =(Price!IW60 - Price!IR60) / Price!IR60 -> 0.026553418 | K70: =(Price!IW60 - Price!IB60) / Price!IB60 -> 0.061684211 | L70: =(Price!IW60 - Price!GL60) / Price!GL60 -> 0.17532735 | M70: =(Price!IW60 - Price!DZ60) / Price!DZ60 -> 0.29876256 | N70: =(Price!IW60 - Price!D60) / Price!D60 -> 0.20193577 | P70: EWM | Q70: =Data!C134 -> iShares:MSCI Malaysia | R70: =Data!Y134 -> 27.2 | T70: =PERCENTRANK(Data!AA134:'Data'!AV134,Data!AV134) -> 1 | U70: 75 | V70: 76 | W70: 73 | X70: =(Price!IW134 - Price!IV134) / Price!IV134 -> 0.011904762 | Y70: =(Price!IW134 - Price!IR134) / Price!IR134 -> 0.0081541883 | Z70: =(Price!IW134 - Price!IB134) / Price!IB134 -> 0.033042157 | AA70: =(Price!IW134 - Price!GL134) / Price!GL134 -> 0.054672354 | AB70: =(Price!IW134 - Price!DZ134) / Price!DZ134 -> 0.16189663 | AC70: =(Price!IW134 - Price!D134) / Price!D134 -> 0.098989899
... A96: SLX | B96: =Data!C86 -> VanEck:Steel | C96: =Data!Y86 -> 84.69 | E96: =PERCENTRANK(Data!AA86:'Data'!AV86,Data!AV86) -> 0.714 | F96: 87 | G96: 87 | H96: 87 | I96: =(Price!IW86 - Price!IV86) / Price!IV86 -> -0.0020032996 | J96: =(Price!IW86 - Price!IR86) / Price!IR86 -> -0.005519023 | K96: =(Price!IW86 - Price!IB86) / Price!IB86 -> 0.099384687 | L96: =(Price!IW86 - Price!GL86) / Price!GL86 -> 0.1712073 | M96: =(Price!IW86 - Price!DZ86) / Price!DZ86 -> 0.33181318 | N96: =(Price!IW86 - Price!D86) / Price!D86 -> 0.31465383 | P96: USHY | Q96: =Data!C160 -> iShares:Brd USD HY Cp Bd | R96: =Data!Y160 -> 37.26 | T96: =PERCENTRANK(Data!AA160:'Data'!AV160,Data!AV160) -> 0.238 | U96: 47 | V96: 40 | W96: 45 | X96: =(Price!IW160 - Price!IV160) / Price!IV160 -> -0.0061349693 | Y96: =(Price!IW160 - Price!IR160) / Price!IR160 -> -0.0032102729 | Z96: =(Price!IW160 - Price!IB160) / Price!IB160 -> 0.00080580177 | AA96: =(Price!IW160 - Price!GL160) / Price!GL160 -> -0.015587847 | AB96: =(Price!IW160 - Price!DZ160) / Price!DZ160 -> 0.003501212 | AC96: =(Price!IW160 - Price!D160) / Price!D160 -> 0.00080580177
A97: PICK | B97: =Data!C87 -> iShares:MSCI Gl M&MP | C97: =Data!Y87 -> 49.91 | E97: =PERCENTRANK(Data!AA87:'Data'!AV87,Data!AV87) -> 1 | F97: 84 | G97: 88 | H97: 88 | I97: =(Price!IW87 - Price!IV87) / Price!IV87 -> 0.010119409 | J97: =(Price!IW87 - Price!IR87) / Price!IR87 -> 0.0034177724 | K97: =(Price!IW87 - Price!IB87) / Price!IB87 -> 0.09885513 | L97: =(Price!IW87 - Price!GL87) / Price!GL87 -> 0.16096767 | M97: =(Price!IW87 - Price!DZ87) / Price!DZ87 -> 0.39803922 | N97: =(Price!IW87 - Price!D87) / Price!D87 -> 0.33679384 | P97: IGIB | Q97: =Data!C161 -> iShares:5-10 IG Corp Bd | R97: =Data!Y161 -> 53.8 | T97: =PERCENTRANK(Data!AA161:'Data'!AV161,Data!AV161) -> 0.333 | U97: 47 | V97: 47 | W97: 48 | X97: =(Price!IW161 - Price!IV161) / Price!IV161 -> -0.0057290704 | Y97: =(Price!IW161 - Price!IR161) / Price!IR161 -> -0.00055731005 | Z97: =(Price!IW161 - Price!IB161) / Price!IB161 -> -0.00018583906 | AA97: =(Price!IW161 - Price!GL161) / Price!GL161 -> -0.0059127864 | AB97: =(Price!IW161 - Price!DZ161) / Price!DZ161 -> 0.022424933 | AC97: =(Price!IW161 - Price!D161) / Price!D161 -> 0.030453936 | AJ97: XLK Technology
A98: VAW | B98: =Data!C88 -> Vanguard Mtrls Idx;ETF | C98: =Data!Y88 -> 207.31 | E98: =PERCENTRANK(Data!AA88:'Data'!AV88,Data!AV88) -> 0.904 | F98: 72 | G98: 59 | H98: 56 | I98: =(Price!IW88 - Price!IV88) / Price!IV88 -> 0.0039225182 | J98: =(Price!IW88 - Price!IR88) / Price!IR88 -> 0.0011590283 | K98: =(Price!IW88 - Price!IB88) / Price!IB88 -> 0.071480256 | L98: =(Price!IW88 - Price!GL88) / Price!GL88 -> 0.0029996613 | M98: =(Price!IW88 - Price!DZ88) / Price!DZ88 -> 0.087214181 | N98: =(Price!IW88 - Price!D88) / Price!D88 -> 0.045014618 | AJ98: Semiconductors
A99: VNQ | B99: =Data!C89 -> Vanguard RE Idx;ETF | C99: =Data!Y89 -> 88.59 | E99: =PERCENTRANK(Data!AA89:'Data'!AV89,Data!AV89) -> 0.142 | F99: 34 | G99: 31 | H99: 32 | I99: =(Price!IW89 - Price!IV89) / Price!IV89 -> -0.0038232318 | J99: =(Price!IW89 - Price!IR89) / Price!IR89 -> -0.0096143097 | K99: =(Price!IW89 - Price!IB89) / Price!IB89 -> 0.00090385267 | L99: =(Price!IW89 - Price!GL89) / Price!GL89 -> -0.033598778 | M99: =(Price!IW89 - Price!DZ89) / Price!DZ89 -> -0.013803852 | N99: =(Price!IW89 - Price!D89) / Price!D89 -> -0.052715997 | AJ99: Software / Cloud / Broad Tech
A100: IYR | B100: =Data!C90 -> iShares:US Rl Est ETF | C100: =Data!Y90 -> 93.02 | E100: =PERCENTRANK(Data!AA90:'Data'!AV90,Data!AV90) -> 0 | F100: 30 | G100: 28 | H100: 34 | I100: =(Price!IW90 - Price!IV90) / Price!IV90 -> -0.0033215472 | J100: =(Price!IW90 - Price!IR90) / Price!IR90 -> -0.018362178 | K100: =(Price!IW90 - Price!IB90) / Price!IB90 -> -0.0098988824 | L100: =(Price!IW90 - Price!GL90) / Price!GL90 -> -0.03265391 | M100: =(Price!IW90 - Price!DZ90) / Price!DZ90 -> -0.016181914 | N100: =(Price!IW90 - Price!D90) / Price!D90 -> -0.044282338 | AJ100: Cyber Security
A101: REET | B101: =Data!C91 -> iShares:Global REIT | C101: =Data!Y91 -> 24.71 | E101: =PERCENTRANK(Data!AA91:'Data'!AV91,Data!AV91) -> 0 | F101: 30 | G101: 30 | H101: 39 | I101: =(Price!IW91 - Price!IV91) / Price!IV91 -> -0.0020193861 | J101: =(Price!IW91 - Price!IR91) / Price!IR91 -> -0.015929908 | K101: =(Price!IW91 - Price!IB91) / Price!IB91 -> -0.0096192385 | L101: =(Price!IW91 - Price!GL91) / Price!GL91 -> -0.026014978 | M101: =(Price!IW91 - Price!DZ91) / Price!DZ91 -> -0.00080873433 | N101: =(Price!IW91 - Price!D91) / Price!D91 -> -0.013178914 | AJ101: AI / Robotics / Automation
A102: SRVR | B102: =Data!C92 -> Pacer Data & Infra RE | C102: =Data!Y92 -> 28.6803 | E102: =PERCENTRANK(Data!AA92:'Data'!AV92,Data!AV92) -> 0.047 | F102: 20 | G102: 17 | H102: 23 | I102: =(Price!IW92 - Price!IV92) / Price!IV92 -> 0.0050919923 | J102: =(Price!IW92 - Price!IR92) / Price!IR92 -> -0.024811289 | K102: =(Price!IW92 - Price!IB92) / Price!IB92 -> -0.0031178311 | L102: =(Price!IW92 - Price!GL92) / Price!GL92 -> -0.10343243 | M102: =(Price!IW92 - Price!DZ92) / Price!DZ92 -> -0.10205698 | N102: =(Price!IW92 - Price!D92) / Price!D92 -> -0.067610533 | AJ102: XLC Communication Services | AM102: Retail
A103: HOMZ | B103: =Data!C93 -> Hoya Capital Housing | C103: =Data!Y93 -> 45.6458 | E103: =PERCENTRANK(Data!AA93:'Data'!AV93,Data!AV93) -> 0.19 | F103: 48 | G103: 51 | H103: 45 | I103: =(Price!IW93 - Price!IV93) / Price!IV93 -> -0.011775353 | J103: =(Price!IW93 - Price!IR93) / Price!IR93 -> -0.017203218 | K103: =(Price!IW93 - Price!IB93) / Price!IB93 -> 0.046816376 | L103: =(Price!IW93 - Price!GL93) / Price!GL93 -> -0.032643088 | M103: =(Price!IW93 - Price!DZ93) / Price!DZ93 -> 0.074092115 | N103: =(Price!IW93 - Price!D93) / Price!D93 -> -0.05436503 | AJ103: Telecom & Communication | AM103: Autos / EV
A104: SCHH | B104: =Data!C94 -> Schwab Str:US REIT | C104: =Data!Y94 -> 20.7 | E104: =PERCENTRANK(Data!AA94:'Data'!AV94,Data!AV94) -> 0.095 | F104: 31 | G104: 28 | H104: 32 | I104: =(Price!IW94 - Price!IV94) / Price!IV94 -> -0.0048076923 | J104: =(Price!IW94 - Price!IR94) / Price!IR94 -> -0.0090952609 | K104: =(Price!IW94 - Price!IB94) / Price!IB94 -> -0.013816103 | L104: =(Price!IW94 - Price!GL94) / Price!GL94 -> -0.034514925 | M104: =(Price!IW94 - Price!DZ94) / Price!DZ94 -> -0.028169014 | N104: =(Price!IW94 - Price!D94) / Price!D94 -> -0.051329056 | AJ104: Internet / Media / Social
A105: NETL | B105: =Data!C95 -> Colterpoint Nt Ls Rl Est | C105: =Data!Y95 -> 23.87 | E105: =PERCENTRANK(Data!AA95:'Data'!AV95,Data!AV95) -> 0.285 | F105: 42 | G105: 33 | H105: 32 | I105: =(Price!IW95 - Price!IV95) / Price!IV95 -> -0.010323811 | J105: =(Price!IW95 - Price!IR95) / Price!IR95 -> -0.0050974688 | K105: =(Price!IW95 - Price!IB95) / Price!IB95 -> 0.0033669751 | L105: =(Price!IW95 - Price!GL95) / Price!GL95 -> -0.028719309 | M105: =(Price!IW95 - Price!DZ95) / Price!DZ95 -> -0.02690583 | N105: =(Price!IW95 - Price!D95) / Price!D95 -> -0.037969378 | AJ105: XLY Consumer Discretionary
AJ106: Homebuilders / Construction
AJ107: Leisure & Entertainment
AJ108: XLP Consumer Staples
AJ109: XLU Utilities
AJ110: XLE Energy
AJ111: Broad Energy
AJ112: Exploration & Production
AJ113: Oil Services
AJ114: Global Energy
AJ115: XLV Health Care
AJ116: Biotechnology / Genomics
AJ117: Medical Equipment
... AJ134: Specialty REITs

Sheet Data
A1: #VALUE! | B1: {=_FV(A1,"ticker symbol",TRUE)} -> SPY | C1: {=_FV(A1,"Name")} -> SPDR S&P 500 | D1: {=TRANSPOSE(_xlfn.STOCKHISTORY(B1, WORKDAY(TODAY(), -23), TODAY(), 0, 0, 1))} -> 662.63 | E1: 652.53 | F1: 659.03 | G1: 668.73 | H1: 675.02 | I1: 679.68 | J1: 683.39 | K1: 680.27 | L1: 681.53 | M1: 683.89 | N1: 684.39 | O1: 685.69 | P1: 683.63 | Q1: 683.04 | R1: 687.57 | S1: 689.17 | T1: 681.76 | U1: 680.73 | V1: 678.87 | W1: 671.4 | X1: 676.47 | Y1: 680.59 | AA1: 1 | AB1: 2 | AC1: 3 | AD1: 4 | AE1: 5 | AF1: 6 | AG1: 7 | AH1: 8 | AI1: 9 | AJ1: 10 | AK1: 11 | AL1: 12 | AM1: 13 | AN1: 14 | AO1: 15 | AP1: 16 | AQ1: 17 | AR1: 18 | AS1: 19 | AT1: 20 | AU1: 21 | AV1: 22
A2: #VALUE! | B2: {=_FV(A2,"ticker symbol",TRUE)} -> QQQ | C2: {=_FV(A2,"Name")} -> Invesco QQQ Trust 1 | D2: {=TRANSPOSE(_xlfn.STOCKHISTORY(B2, WORKDAY(TODAY(), -23), TODAY(), 0, 0, 1))} -> 599.87 | E2: 585.67 | F2: 590.07 | G2: 605.16 | H2: 608.89 | I2: 614.27 | J2: 619.25 | K2: 617.17 | L2: 622 | M2: 623.52 | N2: 622.94 | O2: 625.48 | P2: 624.28 | Q2: 625.05 | R2: 627.61 | S2: 625.58 | T2: 613.62 | U2: 610.54 | V2: 611.75 | W2: 600.41 | X2: 609.11 | Y2: 617.05 | AA2: =D2/D$1 -> 0.90528651 | AB2: =E2/E$1 -> 0.89753728 | AC2: =F2/F$1 -> 0.89536136 | AD2: =G2/G$1 -> 0.90493921 | AE2: =H2/H$1 -> 0.90203253 | AF2: =I2/I$1 -> 0.90376354 | AG2: =J2/J$1 -> 0.90614437 | AH2: =K2/K$1 -> 0.90724271 | ... AV2: =Y2/Y$1 -> 0.90663983
A3: #VALUE! | B3: {=_FV(A3,"ticker symbol",TRUE)} -> DIA | C3: {=_FV(A3,"Name")} -> SPDR Dow Jones Indus Avg | D3: {=TRANSPOSE(_xlfn.STOCKHISTORY(B3, WORKDAY(TODAY(), -23), TODAY(), 0, 0, 1))} -> 461.76 | E3: 458.1 | F3: 462.57 | G3: 464.44 | H3: 471.18 | I3: 474.35 | J3: 477.18 | K3: 473.32 | L3: 475.26 | M3: 479.41 | N3: 479.07 | O3: 480.03 | P3: 478.15 | Q3: 476.42 | R3: 481.35 | S3: 487.87 | T3: 485.4 | U3: 485.17 | V3: 481.98 | W3: 479.8 | X3: 480.51 | Y3: 481.15 | AA3: =D3/D$1 -> 0.69685948 | AB3: =E3/E$1 -> 0.70203669 | AC3: =F3/F$1 -> 0.70189521 | AD3: =G3/G$1 -> 0.69451049 | AE3: =H3/H$1 -> 0.69802376 | AF3: =I3/I$1 -> 0.69790195 | AG3: =J3/J$1 -> 0.69825429 | AH3: =K3/K$1 -> 0.69578256 | ... AV3: =Y3/Y$1 -> 0.70696014
A4: #VALUE! | B4: {=_FV(A4,"ticker symbol",TRUE)} -> IWM | C4: {=_FV(A4,"Name")} -> iShares:Russ 2000 ETF | D4: {=TRANSPOSE(_xlfn.STOCKHISTORY(B4, WORKDAY(TODAY(), -23), TODAY(), 0, 0, 1))} -> 233.43 | E4: 229.11 | F4: 235.6 | G4: 239.9 | H4: 245.13 | I4: 247.3 | J4: 248.75 | K4: 245.62 | L4: 245.17 | M4: 249.63 | N4: 251.82 | O4: 250.77 | P4: 250.87 | Q4: 251.39 | R4: 254.81 | S4: 257.8 | T4: 253.85 | U4: 251.93 | V4: 249.9 | W4: 247.24 | X4: 248.71 | Y4: 250.79 | AA4: =D4/D$1 -> 0.35227804 | AB4: =E4/E$1 -> 0.35111029 | AC4: =F4/F$1 -> 0.35749511 | AD4: =G4/G$1 -> 0.3587397 | AE4: =H4/H$1 -> 0.3631448 | AF4: =I4/I$1 -> 0.36384769 | AG4: =J4/J$1 -> 0.36399421 | AH4: =K4/K$1 -> 0.36106252 | ... AV4: =Y4/Y$1 -> 0.36848911
A5: #VALUE! | B5: {=_FV(A5,"ticker symbol",TRUE)} -> RSP | C5: {=_FV(A5,"Name")} -> Invesco S&P500 EWght | D5: {=TRANSPOSE(_xlfn.STOCKHISTORY(B5, WORKDAY(TODAY(), -23), TODAY(), 0, 0, 1))} -> 184.43 | E5: 182.18 | F5: 185.76 | G5: 186.53 | H5: 189.18 | I5: 190.5 | J5: 191.53 | K5: 190.22 | L5: 190.04 | M5: 191.49 | N5: 191.55 | O5: 192 | P5: 190.85 | Q5: 190.49 | R5: 193.17 | S5: 194.73 | T5: 193.41 | U5: 193.65 | V5: 192.29 | W5: 191.77 | X5: 192.18 | Y5: 192.88 | AA5: =D5/D$1 -> 0.27833029 | AB5: =E5/E$1 -> 0.27919023 | AC5: =F5/F$1 -> 0.28186881 | AD5: =G5/G$1 -> 0.27893171 | AE5: =H5/H$1 -> 0.28025836 | AF5: =I5/I$1 -> 0.28027895 | AG5: =J5/J$1 -> 0.28026456 | AH5: =K5/K$1 -> 0.27962427 | ... AV5: =Y5/Y$1 -> 0.28340117
A6: #VALUE! | B6: {=_FV(A6,"ticker symbol",TRUE)} -> QQQE | C6: {=_FV(A6,"Name")} -> Direxion:NASDAQ-100 EWI | D6: {=TRANSPOSE(_xlfn.STOCKHISTORY(B6, WORKDAY(TODAY(), -23), TODAY(), 0, 0, 1))} -> 99.05 | E6: 96.91 | F6: 98.42 | G6: 99.58 | H6: 100.61 | I6: 101.22 | J6: 102.15 | K6: 101.78 | L6: 102.78 | M6: 103.92 | N6: 103.59 | O6: 104.08 | P6: 103.55 | Q6: 103.46 | R6: 104.44 | S6: 104.43 | T6: 103.24 | U6: 103.03 | V6: 102.8 | W6: 101.55 | X6: 102.49 | Y6: 103.27 | AA6: =D6/D$1 -> 0.1494801 | AB6: =E6/E$1 -> 0.14851424 | AC6: =F6/F$1 -> 0.1493407 | AD6: =G6/G$1 -> 0.14890913 | AE6: =H6/H$1 -> 0.14904744 | AF6: =I6/I$1 -> 0.14892302 | AG6: =J6/J$1 -> 0.14947541 | AH6: =K6/K$1 -> 0.14961706 | ... AV6: =Y6/Y$1 -> 0.15173599
A7: #VALUE! | B7: {=_FV(A7,"ticker symbol",TRUE)} -> EDOW | C7: {=_FV(A7,"Name")} -> FT:Dow 30 Equal Weight | D7: {=TRANSPOSE(_xlfn.STOCKHISTORY(B7, WORKDAY(TODAY(), -23), TODAY(), 0, 0, 1))} -> 40.0375 | E7: 39.72 | F7: 40.2046 | G7: 40.285 | H7: 40.8282 | I7: 41.0541 | J7: 41.236 | K7: 40.9993 | L7: 41.13 | M7: 41.47 | N7: 41.3567 | O7: 41.3227 | P7: 41.0972 | Q7: 40.99 | R7: 41.39 | S7: 41.7455 | T7: 41.62 | U7: 41.63 | V7: 41.36 | W7: 41.23 | X7: 41.2089 | Y7: 41.2032 | AA7: =D7/D$1 -> 0.060422106 | AB7: =E7/E$1 -> 0.060870765 | AC7: =F7/F$1 -> 0.061005721 | AD7: =G7/G$1 -> 0.060241054 | AE7: =H7/H$1 -> 0.06048443 | AF7: =I7/I$1 -> 0.060402101 | AG7: =J7/J$1 -> 0.060340362 | AH7: =K7/K$1 -> 0.060269158 | ... AV7: =Y7/Y$1 -> 0.060540413
A8: #VALUE! | B8: {=_FV(A8,"ticker symbol",TRUE)} -> MDY | C8: {=_FV(A8,"Name")} -> SPDR S&P MidCap 400 | D8: {=TRANSPOSE(_xlfn.STOCKHISTORY(B8, WORKDAY(TODAY(), -23), TODAY(), 0, 0, 1))} -> 577.89 | E8: 568.63 | F8: 582.32 | G8: 587.81 | H8: 598.88 | I8: 602.5 | J8: 605.48 | K8: 602.2 | L8: 600.02 | M8: 604.19 | N8: 607.15 | O8: 607.38 | P8: 604.34 | Q8: 603.9 | R8: 615.37 | S8: 621.24 | T8: 613.11 | U8: 611.94 | V8: 608.15 | W8: 605.4 | X8: 608.07 | Y8: 611.57 | AA8: =D8/D$1 -> 0.87211566 | AB8: =E8/E$1 -> 0.87142354 | AC8: =F8/F$1 -> 0.88360166 | AD8: =G8/G$1 -> 0.87899451 | AE8: =H8/H$1 -> 0.88720334 | AF8: =I8/I$1 -> 0.88644656 | AG8: =J8/J$1 -> 0.88599482 | AH8: =K8/K$1 -> 0.88523674 | ... AV8: =Y8/Y$1 -> 0.89858799
A9: #VALUE! | B9: {=_FV(A9,"ticker symbol",TRUE)} -> IWN | C9: {=_FV(A9,"Name")} -> iShares:Russ 2000 Vl ETF | D9: {=TRANSPOSE(_xlfn.STOCKHISTORY(B9, WORKDAY(TODAY(), -23), TODAY(), 0, 0, 1))} -> 171.2 | E9: 168.85 | F9: 173.85 | G9: 175.94 | H9: 180.15 | I9: 181.53 | J9: 182.23 | K9: 181.03 | L9: 180.29 | M9: 183.63 | N9: 183.97 | O9: 183.77 | P9: 183.52 | Q9: 184.11 | R9: 187.68 | S9: 189.45 | T9: 187.43 | U9: 186.67 | V9: 184.41 | W9: 183.65 | X9: 184.42 | Y9: 184.45 | AA9: =D9/D$1 -> 0.2583644 | AB9: =E9/E$1 -> 0.25876205 | AC9: =F9/F$1 -> 0.26379679 | AD9: =G9/G$1 -> 0.26309572 | AE9: =H9/H$1 -> 0.26688098 | AF9: =I9/I$1 -> 0.26708157 | AG9: =J9/J$1 -> 0.26665594 | AH9: =K9/K$1 -> 0.26611492 | ... AV9: =Y9/Y$1 -> 0.27101485
A10: #VALUE! | B10: {=_FV(A10,"ticker symbol",TRUE)} -> IWO | C10: {=_FV(A10,"Name")} -> iShares:Russ 2000 Gr | D10: {=TRANSPOSE(_xlfn.STOCKHISTORY(B10, WORKDAY(TODAY(), -23), TODAY(), 0, 0, 1))} -> 307.97 | E10: 300.69 | F10: 308.52 | G10: 316.08 | H10: 322.47 | I10: 325.72 | J10: 328.12 | K10: 322.28 | L10: 322.63 | M10: 328.46 | N10: 333.15 | O10: 331.15 | P10: 331.46 | Q10: 331.66 | R10: 334.44 | S10: 339.33 | T10: 332.92 | U10: 329.04 | V10: 327.47 | W10: 321.75 | X10: 324.28 | Y10: 329.61 | AA10: =D10/D$1 -> 0.46476918 | AB10: =E10/E$1 -> 0.4608064 | AC10: =F10/F$1 -> 0.46814257 | AD10: =G10/G$1 -> 0.47265713 | AE10: =H10/H$1 -> 0.47771918 | AF10: =I10/I$1 -> 0.47922552 | AG10: =J10/J$1 -> 0.48013579 | AH10: =K10/K$1 -> 0.47375307 | ... AV10: =Y10/Y$1 -> 0.48430039
A11: #VALUE! | B11: {=_FV(A11,"ticker symbol",TRUE)} -> XLC | C11: {=_FV(A11,"Name")} -> Sel Sctr:ComS SS SPDR | D11: {=TRANSPOSE(_xlfn.STOCKHISTORY(B11, WORKDAY(TODAY(), -23), TODAY(), 0, 0, 1))} -> 111.19 | E11: 109.97 | F11: 111.9 | G11: 113.01 | H11: 114.3 | I11: 114.46 | J11: 115.39 | K11: 114.85 | L11: 115.23 | M11: 115.13 | N11: 115.79 | O11: 117.13 | P11: 116.26 | Q11: 116.39 | R11: 117.07 | S11: 116.81 | T11: 116.55 | U11: 116.57 | V11: 116.65 | W11: 115.81 | X11: 116.47 | Y11: 116.52 | AA11: =D11/D$1 -> 0.16780104 | AB11: =E11/E$1 -> 0.16852865 | AC11: =F11/F$1 -> 0.169795 | AD11: =G11/G$1 -> 0.16899197 | AE11: =H11/H$1 -> 0.16932832 | AF11: =I11/I$1 -> 0.16840278 | AG11: =J11/J$1 -> 0.16884941 | AH11: =K11/K$1 -> 0.16883002 | ... AV11: =Y11/Y$1 -> 0.1712044
A12: #VALUE! | B12: {=_FV(A12,"ticker symbol",TRUE)} -> XLY | C12: {=_FV(A12,"Name")} -> Sel Sctr:C D SS SPDR In | D12: {=TRANSPOSE(_xlfn.STOCKHISTORY(B12, WORKDAY(TODAY(), -23), TODAY(), 0, 0, 1))} -> 224.51 | E12: 221.16 | F12: 225.5 | G12: 228.51 | H12: 233.4 | I12: 235 | J12: 236.46 | K12: 236.6 | L12: 118.22 | M12: 119.495 | N12: 119.07 | O12: 119.73 | P12: 117.99 | Q12: 117.98 | R12: 119.71 | S12: 120.18 | T12: 120.7 | U12: 121.73 | V12: 121.93 | W12: 120.52 | X12: 122.34 | Y12: 121.85 | AA12: =D12/D$1 -> 0.33881653 | AB12: =E12/E$1 -> 0.33892695 | AC12: =F12/F$1 -> 0.34216955 | AD12: =G12/G$1 -> 0.34170742 | AE12: =H12/H$1 -> 0.34576753 | AF12: =I12/I$1 -> 0.34575094 | AG12: =J12/J$1 -> 0.34601033 | AH12: =K12/K$1 -> 0.34780308 | ... AV12: =Y12/Y$1 -> 0.17903584
A13: #VALUE! | B13: {=_FV(A13,"ticker symbol",TRUE)} -> XLP | C13: {=_FV(A13,"Name")} -> Sel Sector:C SSS SPDR I | D13: {=TRANSPOSE(_xlfn.STOCKHISTORY(B13, WORKDAY(TODAY(), -23), TODAY(), 0, 0, 1))} -> 76.51 | E13: 77.06 | F13: 77.9 | G13: 77 | H13: 78.06 | I13: 78.91 | J13: 79.37 | K13: 79.29 | L13: 78.77 | M13: 78.83 | N13: 78.45 | O13: 78.46 | P13: 77.81 | Q13: 77.99 | R13: 78.22 | S13: 78.8 | T13: 79.42 | U13: 79.64 | V13: 79.28 | W13: 79.65 | X13: 79.19 | Y13: 78.78 | AA13: =D13/D$1 -> 0.11546414 | AB13: =E13/E$1 -> 0.11809419 | AC13: =F13/F$1 -> 0.11820403 | AD13: =G13/G$1 -> 0.11514363 | AE13: =H13/H$1 -> 0.11564102 | AF13: =I13/I$1 -> 0.11609875 | AG13: =J13/J$1 -> 0.11614159 | AH13: =K13/K$1 -> 0.11655666 | ... AV13: =Y13/Y$1 -> 0.11575251
... A107: #VALUE! | B107: {=_FV(A107,"ticker symbol",TRUE)} -> CATL | C107: {=_FV(A107,"Name")} -> WT Live Cattle | D107: {=TRANSPOSE(_xlfn.STOCKHISTORY(B107, WORKDAY(TODAY(), -23), TODAY(), 0, 0, 1))} -> 16.33 | E107: 15.13 | F107: 15.11 | G107: 15.045 | H107: 15 | I107: 15.1 | J107: 15.2 | K107: 15.57 | L107: 15.31 | M107: 15.28 | N107: 15.55 | O107: 15.6 | P107: 16.17 | Q107: 15.9 | R107: 16.13 | S107: 16.38 | T107: 16.3 | U107: 16.58 | V107: 16.32 | W107: 16.25 | X107: 15.9 | Y107: 16.3 | AA107: =D107/D$1 -> 0.024644221 | AB107: =E107/E$1 -> 0.023186673 | AC107: =F107/F$1 -> 0.022927636 | AD107: =G107/G$1 -> 0.022497869 | AE107: =H107/H$1 -> 0.022221564 | AF107: =I107/I$1 -> 0.022216337 | AG107: =J107/J$1 -> 0.022242058 | AH107: =K107/K$1 -> 0.022887971 | ... AV107: =Y107/Y$1 -> 0.023949808
A108: #VALUE! | B108: {=_FV(A108,"ticker symbol",TRUE)} -> HOGS | C108: {=_FV(A108,"Name")} -> ETFS LEAN HOGS ETC | D108: {=TRANSPOSE(_xlfn.STOCKHISTORY(B108, WORKDAY(TODAY(), -23), TODAY(), 0, 0, 1))} -> 26.31 | E108: 26.605 | F108: 26.12 | G108: 26.18 | H108: 26.27 | I108: 26.825 | J108: 26.95 | K108: 27.095 | L108: 26.79 | M108: 26.575 | N108: 26.76 | O108: 26.95 | P108: 27.245 | Q108: 27.17 | R108: 26.91 | S108: 27.27 | T108: 27.6 | U108: 27.795 | V108: 27.245 | W108: 27.68 | X108: 27.345 | Y108: 27.46 | Z108: 27.65 | AA108: =D108/D$1 -> 0.039705416 | AB108: =E108/E$1 -> 0.040772072 | AC108: =F108/F$1 -> 0.039634008 | AD108: =G108/G$1 -> 0.039148834 | AE108: =H108/H$1 -> 0.038917365 | AF108: =I108/I$1 -> 0.039467102 | AG108: =J108/J$1 -> 0.039435754 | AH108: =K108/K$1 -> 0.039829773 | ... AV108: =Y108/Y$1 -> 0.040347346
A109: #VALUE! | B109: {=_FV(A109,"ticker symbol",TRUE)} -> SLX | C109: {=_FV(A109,"Name")} -> VanEck:Steel | D109: {=TRANSPOSE(_xlfn.STOCKHISTORY(B109, WORKDAY(TODAY(), -23), TODAY(), 0, 0, 1))} -> 77.034 | E109: 75.8225 | F109: 77.36 | G109: 77.97 | H109: 79.77 | I109: 80.93 | J109: 80.86 | K109: 81.09 | L109: 81.29 | M109: 83.51 | N109: 83.32 | O109: 81.6912 | P109: 81.35 | Q109: 81.5 | R109: 83.87 | S109: 85.8 | T109: 85.16 | U109: 85.05 | V109: 84.79 | W109: 85.1 | X109: 84.86 | Y109: 84.69 | AA109: =D109/D$1 -> 0.11625492 | AB109: =E109/E$1 -> 0.11619772 | AC109: =F109/F$1 -> 0.11738464 | AD109: =G109/G$1 -> 0.11659414 | AE109: =H109/H$1 -> 0.11817428 | AF109: =I109/I$1 -> 0.11907074 | AG109: =J109/J$1 -> 0.1183219 | AH109: =K109/K$1 -> 0.11920267 | ... AV109: =Y109/Y$1 -> 0.12443615
A110: #VALUE! | B110: {=_FV(A110,"ticker symbol",TRUE)} -> SOYB | C110: {=_FV(A110,"Name")} -> Teucrium:Soybean | D110: {=TRANSPOSE(_xlfn.STOCKHISTORY(B110, WORKDAY(TODAY(), -23), TODAY(), 0, 0, 1))} -> 23.47 | E110: 23.34 | F110: 23.38 | G110: 23.32 | H110: 23.35 | I110: 23.47 | J110: 23.6 | K110: 23.47 | L110: 23.43 | M110: 23.28 | N110: 23.3 | O110: 23.03 | P110: 22.87 | Q110: 22.73 | R110: 22.78 | S110: 22.82 | T110: 22.52 | U110: 22.48 | V110: 22.29 | W110: 22.23 | X110: 22.08 | Y110: 22.01 | AA110: =D110/D$1 -> 0.035419465 | AB110: =E110/E$1 -> 0.03576847 | AC110: =F110/F$1 -> 0.035476382 | AD110: =G110/G$1 -> 0.034872071 | AE110: =H110/H$1 -> 0.034591568 | AF110: =I110/I$1 -> 0.034530956 | AG110: =J110/J$1 -> 0.034533722 | AH110: =K110/K$1 -> 0.034501007 | ... AV110: =Y110/Y$1 -> 0.032339588
A111: #VALUE! | B111: {=_FV(A111,"ticker symbol",TRUE)} -> WEAT | C111: {=_FV(A111,"Name")} -> Teucrium:Wheat | D111: {=TRANSPOSE(_xlfn.STOCKHISTORY(B111, WORKDAY(TODAY(), -23), TODAY(), 0, 0, 1))} -> 21.3 | E111: 20.95 | F111: 20.95 | G111: 20.8 | H111: 20.89 | I111: 20.96 | J111: 20.84 | K111: 20.74 | L111: 20.91 | M111: 20.85 | N111: 20.87 | O111: 20.7 | P111: 20.68 | Q111: 20.65 | R111: 20.51 | S111: 20.67 | T111: 20.53 | U111: 20.25 | V111: 19.93 | W111: 19.88 | X111: 19.94 | Y111: 19.98 | AA111: =D111/D$1 -> 0.032144636 | AB111: =E111/E$1 -> 0.032105804 | AC111: =F111/F$1 -> 0.031789145 | AD111: =G111/G$1 -> 0.031103734 | AE111: =H111/H$1 -> 0.030947231 | AF111: =I111/I$1 -> 0.030838041 | AG111: =J111/J$1 -> 0.030495032 | AH111: =K111/K$1 -> 0.030487895 | ... AV111: =Y111/Y$1 -> 0.029356882
A112: #VALUE! | B112: {=_FV(A112,"ticker symbol",TRUE)} -> DBC | C112: {=_FV(A112,"Name")} -> Invesco DB Cm Idx | D112: {=TRANSPOSE(_xlfn.STOCKHISTORY(B112, WORKDAY(TODAY(), -23), TODAY(), 0, 0, 1))} -> 22.9 | E112: 22.68 | F112: 22.53 | G112: 22.64 | H112: 22.52 | I112: 22.76 | J112: 23.06 | K112: 23.12 | L112: 23.02 | M112: 23.13 | N112: 23.19 | O112: 23.33 | P112: 23.04 | Q112: 22.99 | R112: 23.13 | S112: 23.11 | T112: 22.92 | U112: 22.81 | V112: 22.58 | W112: 22.85 | X112: 22.69 | Y112: 22.85 | AA112: =D112/D$1 -> 0.034559256 | AB112: =E112/E$1 -> 0.034757023 | AC112: =F112/F$1 -> 0.034186608 | AD112: =G112/G$1 -> 0.033855218 | AE112: =H112/H$1 -> 0.033361974 | AF112: =I112/I$1 -> 0.033486347 | AG112: =J112/J$1 -> 0.033743543 | AH112: =K112/K$1 -> 0.033986505 | ... AV112: =Y112/Y$1 -> 0.033573811
A113: #VALUE! | B113: {=_FV(A113,"ticker symbol",TRUE)} -> IEMG | C113: {=_FV(A113,"Name")} -> iShares:Core MSCI EmMkts | D113: {=TRANSPOSE(_xlfn.STOCKHISTORY(B113, WORKDAY(TODAY(), -23), TODAY(), 0, 0, 1))} -> 66.5 | E113: 65.64 | F113: 65.58 | G113: 66.25 | H113: 66.46 | I113: 66.93 | J113: 67.1 | K113: 67.04 | L113: 67.04 | M113: 67.1 | N113: 67.07 | O113: 67.43 | P113: 67.35 | Q113: 67.28 | R113: 67.93 | S113: 67.65 | T113: 66.89 | U113: 66.72 | V113: 65.15 | W113: 64.72 | X113: 65.4 | Y113: 66.09 | AA113: =D113/D$1 -> 0.10035767 | AB113: =E113/E$1 -> 0.10059308 | AC113: =F113/F$1 -> 0.099509886 | AD113: =G113/G$1 -> 0.099068383 | AE113: =H113/H$1 -> 0.098456342 | AF113: =I113/I$1 -> 0.098472811 | AG113: =J113/J$1 -> 0.09818698 | AH113: =K113/K$1 -> 0.098549106 | ... AV113: =Y113/Y$1 -> 0.097106922
A114: #VALUE! | B114: {=_FV(A114,"ticker symbol",TRUE)} -> EUE | C114: {=_FV(A114,"Name")} -> iShs Cr EUR STXX 50 ETFEURD | D114: {=TRANSPOSE(_xlfn.STOCKHISTORY(B114, WORKDAY(TODAY(), -23), TODAY(), 0, 0, 1))} -> 56.41 | E114: 56.66 | F114: 56.03 | G114: 56.27 | H114: 56.71 | I114: 57.49 | J114: 57.56 | K114: 57.7 | L114: 57.72 | M114: 57.93 | N114: 58.01 | O114: 58.25 | P114: 58.29 | Q114: 58.3 | R114: 58.25 | S114: 58.13 | T114: 58.57 | U114: 58.31 | V114: 58.53 | W114: 58.23 | X114: 57.86 | Y114: 58.46 | Z114: 58.67 | AA114: =D114/D$1 -> 0.085130465 | AB114: =E114/E$1 -> 0.086831257 | AC114: =F114/F$1 -> 0.085018891 | AD114: =G114/G$1 -> 0.084144573 | AE114: =H114/H$1 -> 0.084012326 | AF114: =I114/I$1 -> 0.084583922 | AG114: =J114/J$1 -> 0.084227162 | AH114: =K114/K$1 -> 0.084819263 | ... AV114: =Y114/Y$1 -> 0.085896061
A115: #VALUE! | B115: {=_FV(A115,"ticker symbol",TRUE)} -> C6E | C115: {=_FV(A115,"Name")} -> Amundi StoxxEupe600 ESG UETF A | D115: {=TRANSPOSE(_xlfn.STOCKHISTORY(B115, WORKDAY(TODAY(), -23), TODAY(), 0, 0, 1))} -> 140.0011 | E115: 140.3543 | F115: 140.3535 | G115: 140.7511 | H115: 142.0768 | I115: 143.6791 | J115: 143.801 | K115: 144.1775 | L115: #N/A | M115: 144.32 | N115: #N/A | O115: 144.74 | P115: 145.32 | Q115: 144.28 | R115: 144.34 | S115: 144.14 | T115: 145.1 | U115: 144.76 | V115: 145.7 | W115: 145.96 | X115: 145.74 | Y115: #N/A | Z115: 147.08 | AA115: =D115/D$1 -> 0.21128096 | AB115: =E115/E$1 -> 0.21509249 | AC115: =F115/F$1 -> 0.21296982 | AD115: =G115/G$1 -> 0.21047523 | AE115: =H115/H$1 -> 0.21047791 | AF115: =I115/I$1 -> 0.21139227 | AG115: =J115/J$1 -> 0.21042304 | AH115: =K115/K$1 -> 0.21194158 | ... AV115: =Y115/Y$1 -> #N/A
A116: #VALUE! | B116: {=_FV(A116,"ticker symbol",TRUE)} -> FEZ | C116: {=_FV(A116,"Name")} -> SPDR EURO STOXX 50 | D116: {=TRANSPOSE(_xlfn.STOCKHISTORY(B116, WORKDAY(TODAY(), -23), TODAY(), 0, 0, 1))} -> 61.33 | E116: 60.46 | F116: 61.06 | G116: 60.98 | H116: 61.97 | I116: 62.73 | J116: 63.08 | K116: 62.98 | L116: 63.48 | M116: 63.88 | N116: 63.83 | O116: 63.84 | P116: 63.8 | Q116: 63.62 | R116: 64.28 | S116: 64.95 | T116: 64.44 | U116: 64.73 | V116: 64.54 | W116: 63.8 | X116: 64.29 | Y116: 64.62 | AA116: =D116/D$1 -> 0.092555423 | AB116: =E116/E$1 -> 0.092654744 | AC116: =F116/F$1 -> 0.092651321 | AD116: =G116/G$1 -> 0.091187774 | AE116: =H116/H$1 -> 0.091804687 | AF116: =I116/I$1 -> 0.092293432 | AG116: =J116/J$1 -> 0.092304541 | AH116: =K116/K$1 -> 0.092580887 | ... AV116: =Y116/Y$1 -> 0.094947031
A117: #VALUE! | B117: {=_FV(A117,"ticker symbol",TRUE)} -> E40 | C117: {=_FV(A117,"Name")} -> BNPP Easy CAC 40 ESG UCITS ETF | D117: {=TRANSPOSE(_xlfn.STOCKHISTORY(B117, WORKDAY(TODAY(), -23), TODAY(), 0, 0, 1))} -> 12.85 | E117: 12.894 | F117: 12.908 | G117: 12.84 | H117: 12.986 | I117: 13.054 | J117: 13.064 | K117: 13.142 | L117: 13.068 | M117: 13.02 | N117: 13.076 | O117: 13.142 | P117: 13.122 | Q117: 13.098 | R117: 13.02 | S117: 12.982 | T117: 13.068 | U117: 13.068 | V117: 13.154 | W117: 13.144 | X117: 13.076 | Y117: 13.18 | Z117: 13.174 | AA117: =D117/D$1 -> 0.019392421 | AB117: =E117/E$1 -> 0.019760011 | AC117: =F117/F$1 -> 0.019586362 | AD117: =G117/G$1 -> 0.019200574 | AE117: =H117/H$1 -> 0.019237949 | AF117: =I117/I$1 -> 0.019206097 | AG117: =J117/J$1 -> 0.019116464 | AH117: =K117/K$1 -> 0.0193188 | ... AV117: =Y117/Y$1 -> 0.01936555
A118: #VALUE! | B118: {=_FV(A118,"ticker symbol",TRUE)} -> DAX | C118: {=_FV(A118,"Name")} -> Glbl X DAX Germany | D118: {=TRANSPOSE(_xlfn.STOCKHISTORY(B118, WORKDAY(TODAY(), -23), TODAY(), 0, 0, 1))} -> 42.6153 | E118: 42.035 | F118: 42.5524 | G118: 42.5951 | H118: 43.31 | I118: 43.745 | J118: 44.0141 | K118: 43.515 | L118: 43.87 | M118: 44.11 | N118: 44.219 | O118: 44.4904 | P118: 44.4 | Q118: 44.59 | R118: 45.005 | S118: 45.56 | T118: 45.25 | U118: 45.22 | V118: 45.085 | W118: 44.6511 | X118: 44.96 | Y118: 45.16 | AA118: =D118/D$1 -> 0.064312361 | AB118: =E118/E$1 -> 0.064418494 | AC118: =F118/F$1 -> 0.064568229 | AD118: =G118/G$1 -> 0.063695512 | AE118: =H118/H$1 -> 0.064161062 | AF118: =I118/I$1 -> 0.06436117 | AG118: =J118/J$1 -> 0.064405537 | AH118: =K118/K$1 -> 0.063967248 | ... AV118: =Y118/Y$1 -> 0.066354193
A119: #VALUE! | B119: {=_FV(A119,"ticker symbol",TRUE)} -> ISF | C119: {=_FV(A119,"Name")} -> iShs Cr FTSE 100 ETF GBPD | D119: {=TRANSPOSE(_xlfn.STOCKHISTORY(B119, WORKDAY(TODAY(), -23), TODAY(), 0, 0, 1))} -> 10.528 | E119: 10.566 | F119: 10.594 | G119: 10.61 | H119: 10.7 | I119: 10.81 | J119: 10.824 | K119: 10.852 | L119: 10.804 | M119: 10.786 | N119: 10.85 | O119: 10.9 | P119: 10.848 | Q119: 10.162 | R119: 10.134 | S119: 10.108 | T119: 10.074 | U119: 9.982 | V119: 10.118 | W119: 10.034 | X119: 10.15 | Y119: 10.166 | Z119: 10.254 | AA119: =D119/D$1 -> 0.015888203 | AB119: =E119/E$1 -> 0.016192359 | AC119: =F119/F$1 -> 0.016075141 | AD119: =G119/G$1 -> 0.015865895 | AE119: =H119/H$1 -> 0.015851382 | AF119: =I119/I$1 -> 0.015904543 | AG119: =J119/J$1 -> 0.015838687 | AH119: =K119/K$1 -> 0.015952489 | ... AV119: =Y119/Y$1 -> 0.01493704
A120: #VALUE! | B120: {=_FV(A120,"ticker symbol",TRUE)} -> FXI | C120: {=_FV(A120,"Name")} -> iShares:China Large Cp | D120: {=TRANSPOSE(_xlfn.STOCKHISTORY(B120, WORKDAY(TODAY(), -23), TODAY(), 0, 0, 1))} -> 39.11 | E120: 38.58 | F120: 38.72 | G120: 39.35 | H120: 39.6 | I120: 39.37 | J120: 39.53 | K120: 39.64 | L120: 39.49 | M120: 39.21 | N120: 39.31 | O120: 39.89 | P120: 39.47 | Q120: 38.82 | R120: 39.09 | S120: 39.19 | T120: 39.08 | U120: 38.74 | V120: 37.96 | W120: 37.85 | X120: 38.21 | Y120: 38.6 | AA120: =D120/D$1 -> 0.059022381 | AB120: =E120/E$1 -> 0.059123718 | AC120: =F120/F$1 -> 0.058753016 | AD120: =G120/G$1 -> 0.058842881 | AE120: =H120/H$1 -> 0.058664928 | AF120: =I120/I$1 -> 0.057924317 | AG120: =J120/J$1 -> 0.057843984 | AH120: =K120/K$1 -> 0.058270981 | ... AV120: =Y120/Y$1 -> 0.056715497
A121: #VALUE! | B121: {=_FV(A121,"ticker symbol",TRUE)} -> EEM | C121: {=_FV(A121,"Name")} -> iShares:MSCI Em Mkts | D121: {=TRANSPOSE(_xlfn.STOCKHISTORY(B121, WORKDAY(TODAY(), -23), TODAY(), 0, 0, 1))} -> 53.85 | E121: 53.11 | F121: 53.1 | G121: 53.66 | H121: 53.85 | I121: 54.24 | J121: 54.32 | K121: 54.28 | L121: 54.3 | M121: 54.34 | N121: 54.33 | O121: 54.74 | P121: 54.62 | Q121: 54.53 | R121: 55.14 | S121: 54.88 | T121: 54.24 | U121: 54.08 | V121: 52.98 | W121: 52.6 | X121: 53.2 | Y121: 53.72 | AA121: =D121/D$1 -> 0.081267072 | AB121: =E121/E$1 -> 0.081390894 | AC121: =F121/F$1 -> 0.080572963 | AD121: =G121/G$1 -> 0.080241652 | AE121: =H121/H$1 -> 0.079775414 | AF121: =I121/I$1 -> 0.07980226 | AG121: =J121/J$1 -> 0.079486091 | AH121: =K121/K$1 -> 0.079791847 | ... AV121: =Y121/Y$1 -> 0.078931515
A122: #VALUE! | B122: {=_FV(A122,"ticker symbol",TRUE)} -> EWJ | C122: {=_FV(A122,"Name")} -> iShares:MSCI Japan | D122: {=TRANSPOSE(_xlfn.STOCKHISTORY(B122, WORKDAY(TODAY(), -23), TODAY(), 0, 0, 1))} -> 80.68 | E122: 79.49 | F122: 81.19 | G122: 81.74 | H122: 81.92 | I122: 83.26 | J122: 83.01 | K122: 82.53 | L122: 82.47 | M122: 82.61 | N122: 83.62 | O122: 83.7 | P122: 83.19 | Q122: 83.31 | R122: 83.91 | S122: 84.22 | T122: 84 | U122: 84.87 | V122: 80.85 | W122: 79.74 | X122: 79.97 | Y122: 80.58 | AA122: =D122/D$1 -> 0.12175724 | AB122: =E122/E$1 -> 0.12181815 | AC122: =F122/F$1 -> 0.12319621 | AD122: =G122/G$1 -> 0.12223169 | AE122: =H122/H$1 -> 0.12135937 | AF122: =I122/I$1 -> 0.12249882 | AG122: =J122/J$1 -> 0.12146798 | AH122: =K122/K$1 -> 0.12131948 | ... AV122: =Y122/Y$1 -> 0.11839727
A123: #VALUE! | B123: {=_FV(A123,"ticker symbol",TRUE)} -> EWU | C123: {=_FV(A123,"Name")} -> iShares:MSCI UK | D123: {=TRANSPOSE(_xlfn.STOCKHISTORY(B123, WORKDAY(TODAY(), -23), TODAY(), 0, 0, 1))} -> 41.73 | E123: 41.34 | F123: 42.06 | G123: 41.92 | H123: 42.52 | I123: 42.99 | J123: 43.15 | K123: 42.93 | L123: 43.01 | M123: 43.46 | N123: 43.42 | O123: 43.22 | P123: 43.08 | Q123: 42.88 | R123: 43.46 | S123: 43.65 | T123: 43.28 | U123: 43.75 | V123: 42.73 | W123: 42.94 | X123: 43.13 | Y123: 43.54 | AA123: =D123/D$1 -> 0.062976322 | AB123: =E123/E$1 -> 0.063353409 | AC123: =F123/F$1 -> 0.06382107 | AD123: =G123/G$1 -> 0.062685987 | AE123: =H123/H$1 -> 0.062990726 | AF123: =I123/I$1 -> 0.063250353 | AG123: =J123/J$1 -> 0.063141105 | AH123: =K123/K$1 -> 0.063107296 | ... AV123: =Y123/Y$1 -> 0.063973905
A124: #VALUE! | B124: {=_FV(A124,"ticker symbol",TRUE)} -> EWZ | C124: {=_FV(A124,"Name")} -> iShares:MSCI Brazil | D124: {=TRANSPOSE(_xlfn.STOCKHISTORY(B124, WORKDAY(TODAY(), -23), TODAY(), 0, 0, 1))} -> 32.49 | E124: 31.9 | F124: 32.03 | G124: 32.2 | H124: 32.55 | I124: 33.47 | J124: 33.61 | K124: 33.4 | L124: 34.03 | M124: 34.2 | N124: 34.72 | O124: 32.53 | P124: 32.75 | Q124: 32.74 | R124: 32.77 | S124: 33.16 | T124: 33.32 | U124: 33.58 | V124: 31.6 | W124: 31 | X124: 31.17 | Y124: 31.17 | AA124: =D124/D$1 -> 0.049031888 | AB124: =E124/E$1 -> 0.048886641 | AC124: =F124/F$1 -> 0.048601733 | AD124: =G124/G$1 -> 0.048150973 | AE124: =H124/H$1 -> 0.048220793 | AF124: =I124/I$1 -> 0.049243762 | AG124: =J124/J$1 -> 0.049181287 | AH124: =K124/K$1 -> 0.049098152 | ... AV124: =Y124/Y$1 -> 0.045798498
A125: #VALUE! | B125: {=_FV(A125,"ticker symbol",TRUE)} -> EWG | C125: {=_FV(A125,"Name")} -> iShares:MSCI Germany | D125: {=TRANSPOSE(_xlfn.STOCKHISTORY(B125, WORKDAY(TODAY(), -23), TODAY(), 0, 0, 1))} -> #N/A | E125: #N/A | F125: #N/A | G125: #N/A | H125: #N/A | I125: #N/A | J125: #N/A | K125: #N/A | L125: 40.52 | M125: 40.89 | N125: 40.95 | O125: 41.14 | P125: 41.41 | Q125: 41.34 | R125: 41.53 | S125: 41.94 | T125: 42.39 | U125: 42.18 | V125: 42.1 | W125: 42.03 | X125: 41.61 | Y125: 41.94 | Z125: 42.1 | AA125: =D125/D$1 -> #N/A | AB125: =E125/E$1 -> #N/A | AC125: =F125/F$1 -> #N/A | AD125: =G125/G$1 -> #N/A | AE125: =H125/H$1 -> #N/A | AF125: =I125/I$1 -> #N/A | AG125: =J125/J$1 -> #N/A | AH125: =K125/K$1 -> #N/A | ... AV125: =Y125/Y$1 -> 0.061623004
A126: #VALUE! | B126: {=_FV(A126,"ticker symbol",TRUE)} -> EWT | C126: {=_FV(A126,"Name")} -> iShares:MSCI Taiwan | D126: {=TRANSPOSE(_xlfn.STOCKHISTORY(B126, WORKDAY(TODAY(), -23), TODAY(), 0, 0, 1))} -> 62.5 | E126: 61.68 | F126: 61.8 | G126: 62.51 | H126: 62.8 | I126: 63.66 | J126: 64.51 | K126: 64.13 | L126: 64.63 | M126: 64.85 | N126: 64.51 | O126: 65.35 | P126: 65.57 | Q126: 65.72 | R126: 66.8 | S126: 65.92 | T126: 64.1 | U126: 64.11 | V126: 61.12 | W126: 60.03 | X126: 60.87 | Y126: 61.64 | AA126: =D126/D$1 -> 0.094321114 | AB126: =E126/E$1 -> 0.09452439 | AC126: =F126/F$1 -> 0.093774183 | AD126: =G126/G$1 -> 0.093475693 | AE126: =H126/H$1 -> 0.09303428 | AF126: =I126/I$1 -> 0.093661723 | AG126: =J126/J$1 -> 0.09439705 | AH126: =K126/K$1 -> 0.094271392 | ... AV126: =Y126/Y$1 -> 0.090568477
A127: #VALUE! | B127: {=_FV(A127,"ticker symbol",TRUE)} -> EWH | C127: {=_FV(A127,"Name")} -> iShares:MSCI Hong Kong | D127: {=TRANSPOSE(_xlfn.STOCKHISTORY(B127, WORKDAY(TODAY(), -23), TODAY(), 0, 0, 1))} -> 21.89 | E127: 21.64 | F127: 21.7 | G127: 22.13 | H127: 22.15 | I127: 22.16 | J127: 22.24 | K127: 22.26 | L127: 22.18 | M127: 22.23 | N127: 22.08 | O127: 22.05 | P127: 21.82 | Q127: 21.69 | R127: 21.82 | S127: 21.91 | T127: 21.87 | U127: 22.02 | V127: 21.14 | W127: 21.07 | X127: 21.44 | Y127: 21.61 | AA127: =D127/D$1 -> 0.033035027 | AB127: =E127/E$1 -> 0.033163226 | AC127: =F127/F$1 -> 0.032927181 | AD127: =G127/G$1 -> 0.033092578 | AE127: =H127/H$1 -> 0.032813843 | AF127: =I127/I$1 -> 0.032603578 | AG127: =J127/J$1 -> 0.032543643 | AH127: =K127/K$1 -> 0.032722301 | ... AV127: =Y127/Y$1 -> 0.031751862
A128: #VALUE! | B128: {=_FV(A128,"ticker symbol",TRUE)} -> EWI | C128: {=_FV(A128,"Name")} -> iShares:MSCI Italy | D128: {=TRANSPOSE(_xlfn.STOCKHISTORY(B128, WORKDAY(TODAY(), -23), TODAY(), 0, 0, 1))} -> 51.34 | E128: 50.81 | F128: 51.47 | G128: 51.19 | H128: 52.16 | I128: 52.54 | J128: 52.93 | K128: 52.66 | L128: 53 | M128: 53.29 | N128: 53.15 | O128: 52.98 | P128: 52.98 | Q128: 53.02 | R128: 53.55 | S128: 53.95 | T128: 53.66 | U128: 54.35 | V128: 53.58 | W128: 53.51 | X128: 53.81 | Y128: 54.21 | AA128: =D128/D$1 -> 0.077479136 | AB128: =E128/E$1 -> 0.077866152 | AC128: =F128/F$1 -> 0.078099631 | AD128: =G128/G$1 -> 0.076548084 | AE128: =H128/H$1 -> 0.077271785 | AF128: =I128/I$1 -> 0.077301083 | AG128: =J128/J$1 -> 0.077452114 | AH128: =K128/K$1 -> 0.07741044 | ... AV128: =Y128/Y$1 -> 0.079651479
A129: #VALUE! | B129: {=_FV(A129,"ticker symbol",TRUE)} -> EWW | C129: {=_FV(A129,"Name")} -> iShares:MSCI Mexico | D129: {=TRANSPOSE(_xlfn.STOCKHISTORY(B129, WORKDAY(TODAY(), -23), TODAY(), 0, 0, 1))} -> 66.77 | E129: 66.02 | F129: 66.04 | G129: 66.55 | H129: 67.75 | I129: 67.88 | J129: 68.42 | K129: 68.46 | L129: 68.71 | M129: 68.43 | N129: 68.82 | O129: 68.68 | P129: 68.64 | Q129: 69.27 | R129: 69.04 | S129: 71.06 | T129: 70.69 | U129: 70.48 | V129: 68.28 | W129: 67.45 | X129: 68.75 | Y129: 68.85 | AA129: =D129/D$1 -> 0.10076513 | AB129: =E129/E$1 -> 0.10117542 | AC129: =F129/F$1 -> 0.10020788 | AD129: =G129/G$1 -> 0.099516995 | AE129: =H129/H$1 -> 0.1003674 | AF129: =I129/I$1 -> 0.099870527 | AG129: =J129/J$1 -> 0.10011853 | AH129: =K129/K$1 -> 0.10063651 | ... AV129: =Y129/Y$1 -> 0.10116223
A130: #VALUE! | B130: {=_FV(A130,"ticker symbol",TRUE)} -> PIN | C130: {=_FV(A130,"Name")} -> Invesco India | D130: {=TRANSPOSE(_xlfn.STOCKHISTORY(B130, WORKDAY(TODAY(), -23), TODAY(), 0, 0, 1))} -> 26.48 | E130: 26.42 | F130: 26.1393 | G130: 26.1311 | H130: 26.1 | I130: 26.28 | J130: 26.45 | K130: 26.2 | L130: 25.975 | M130: 25.71 | N130: 25.96 | O130: 26.03 | P130: 25.5905 | Q130: 25.67 | R130: 25.7415 | S130: 25.75 | T130: 25.57 | U130: 25.6 | V130: 25.5 | W130: 25.51 | X130: 25.69 | Y130: 26.14 | AA130: =D130/D$1 -> 0.03996197 | AB130: =E130/E$1 -> 0.04048856 | AC130: =F130/F$1 -> 0.039663293 | AD130: =G130/G$1 -> 0.039075711 | AE130: =H130/H$1 -> 0.038665521 | AF130: =I130/I$1 -> 0.038665254 | AG130: =J130/J$1 -> 0.038704107 | AH130: =K130/K$1 -> 0.038514119 | ... AV130: =Y130/Y$1 -> 0.038407852
A131: #VALUE! | B131: {=_FV(A131,"ticker symbol",TRUE)} -> IDX | C131: {=_FV(A131,"Name")} -> VanEck:Indonesia Index | D131: {=TRANSPOSE(_xlfn.STOCKHISTORY(B131, WORKDAY(TODAY(), -23), TODAY(), 0, 0, 1))} -> 16.68 | E131: 16.53 | F131: 16.69 | G131: 17.08 | H131: 17.0102 | I131: 17.13 | J131: 17.01 | K131: 17.1 | L131: 17.24 | M131: 17.14 | N131: 17.12 | O131: 17.1 | P131: 17.25 | Q131: 17.11 | R131: 17.29 | S131: 17.15 | T131: 17.18 | U131: 17.14 | V131: 17.3 | W131: 17.17 | X131: 17.2 | Y131: 17.21 | AA131: =D131/D$1 -> 0.025172419 | AB131: =E131/E$1 -> 0.025332169 | AC131: =F131/F$1 -> 0.025325099 | AD131: =G131/G$1 -> 0.025540951 | AE131: =H131/H$1 -> 0.02519955 | AF131: =I131/I$1 -> 0.025203037 | AG131: =J131/J$1 -> 0.024890619 | AH131: =K131/K$1 -> 0.025137078 | ... AV131: =Y131/Y$1 -> 0.025286883
A132: #VALUE! | B132: {=_FV(A132,"ticker symbol",TRUE)} -> EWY | C132: {=_FV(A132,"Name")} -> iShares:MSCI S Korea | D132: {=TRANSPOSE(_xlfn.STOCKHISTORY(B132, WORKDAY(TODAY(), -23), TODAY(), 0, 0, 1))} -> 90.56 | E132: 88.53 | F132: 89.22 | G132: 90.3 | H132: 89.79 | I132: 91.55 | J132: 90.87 | K132: 90.62 | L132: 92.07 | M132: 93 | N132: 91.87 | O132: 94.3 | P132: 95.07 | Q132: 95.57 | R132: 96.75 | S132: 94.96 | T132: 92.67 | U132: 92.73 | V132: 89.52 | W132: 88.58 | X132: 90.07 | Y132: 91.34 | AA132: =D132/D$1 -> 0.13666752 | AB132: =E132/E$1 -> 0.13567192 | AC132: =F132/F$1 -> 0.13538079 | AD132: =G132/G$1 -> 0.13503208 | AE132: =H132/H$1 -> 0.13301828 | AF132: =I132/I$1 -> 0.13469574 | AG132: =J132/J$1 -> 0.13296946 | AH132: =K132/K$1 -> 0.13321181 | ... AV132: =Y132/Y$1 -> 0.13420709
A133: #VALUE! | B133: {=_FV(A133,"ticker symbol",TRUE)} -> EWA | C133: {=_FV(A133,"Name")} -> iShares:MSCI Australia | D133: {=TRANSPOSE(_xlfn.STOCKHISTORY(B133, WORKDAY(TODAY(), -23), TODAY(), 0, 0, 1))} -> 25.3 | E133: 24.95 | F133: 25.33 | G133: 25.44 | H133: 25.62 | I133: 25.82 | J133: 25.85 | K133: 25.73 | L133: 25.93 | M133: 26.13 | N133: 26.29 | O133: 26.34 | P133: 26.24 | Q133: 26.35 | R133: 26.65 | S133: 26.64 | T133: 26.52 | U133: 26.42 | V133: 25.82 | W133: 25.58 | X133: 25.81 | Y133: 25.88 | AA133: =D133/D$1 -> 0.038181187 | AB133: =E133/E$1 -> 0.03823579 | AC133: =F133/F$1 -> 0.038435276 | AD133: =G133/G$1 -> 0.038042259 | AE133: =H133/H$1 -> 0.037954431 | AF133: =I133/I$1 -> 0.037988465 | AG133: =J133/J$1 -> 0.037826131 | AH133: =K133/K$1 -> 0.037823217 | ... AV133: =Y133/Y$1 -> 0.038025831
A134: #VALUE! | B134: {=_FV(A134,"ticker symbol",TRUE)} -> EWM | C134: {=_FV(A134,"Name")} -> iShares:MSCI Malaysia | D134: {=TRANSPOSE(_xlfn.STOCKHISTORY(B134, WORKDAY(TODAY(), -23), TODAY(), 0, 0, 1))} -> 26.33 | E134: 26.05 | F134: 26.29 | G134: 26.47 | H134: 26.49 | I134: 26.64 | J134: 26.43 | K134: 26.6 | L134: 26.67 | M134: 26.73 | N134: 26.59 | O134: 26.64 | P134: 26.32 | Q134: 26.37 | R134: 26.52 | S134: 26.87 | T134: 26.98 | U134: 27.09 | V134: 26.79 | W134: 26.6 | X134: 26.88 | Y134: 27.2 | AA134: =D134/D$1 -> 0.039735599 | AB134: =E134/E$1 -> 0.039921536 | AC134: =F134/F$1 -> 0.039891962 | AD134: =G134/G$1 -> 0.039582492 | AE134: =H134/H$1 -> 0.039243282 | AF134: =I134/I$1 -> 0.039194915 | AG134: =J134/J$1 -> 0.038674842 | AH134: =K134/K$1 -> 0.039102121 | ... AV134: =Y134/Y$1 -> 0.039965324
A135: #VALUE! | B135: {=_FV(A135,"ticker symbol",TRUE)} -> EWS | C135: {=_FV(A135,"Name")} -> iShares:MSCI Singapore | D135: {=TRANSPOSE(_xlfn.STOCKHISTORY(B135, WORKDAY(TODAY(), -23), TODAY(), 0, 0, 1))} -> 28.22 | E135: 27.58 | F135: 27.62 | G135: 27.89 | H135: 27.99 | I135: 28.12 | J135: 28.39 | K135: 27.99 | L135: 28.2 | M135: 28.15 | N135: 28.02 | O135: 27.82 | P135: 27.48 | Q135: 27.49 | R135: 27.58 | S135: 27.77 | T135: 27.74 | U135: 27.73 | V135: 27.08 | W135: 26.71 | X135: 26.87 | Y135: 26.93 | AA135: =D135/D$1 -> 0.04258787 | AB135: =E135/E$1 -> 0.042266256 | AC135: =F135/F$1 -> 0.04191008 | AD135: =G135/G$1 -> 0.04170592 | AE135: =H135/H$1 -> 0.041465438 | AF135: =I135/I$1 -> 0.041372411 | AG135: =J135/J$1 -> 0.041542896 | AH135: =K135/K$1 -> 0.041145428 | ... AV135: =Y135/Y$1 -> 0.03956861
A136: #VALUE! | B136: {=_FV(A136,"ticker symbol",TRUE)} -> EWC | C136: {=_FV(A136,"Name")} -> iShares:MSCI Canada | D136: {=TRANSPOSE(_xlfn.STOCKHISTORY(B136, WORKDAY(TODAY(), -23), TODAY(), 0, 0, 1))} -> 50.62 | E136: 49.91 | F136: 50.43 | G136: 51.05 | H136: 51.56 | I136: 52.25 | J136: 52.7 | K136: 52.18 | L136: 52.14 | M136: 52.47 | N136: 53.07 | O136: 53.29 | P136: 52.95 | Q136: 53.07 | R136: 53.72 | S136: 54.08 | T136: 53.89 | U136: 53.8 | V136: 52.98 | W136: 52.81 | X136: 53.22 | Y136: 53.68 | AA136: =D136/D$1 -> 0.076392557 | AB136: =E136/E$1 -> 0.076486905 | AC136: =F136/F$1 -> 0.076521554 | AD136: =G136/G$1 -> 0.076338732 | AE136: =H136/H$1 -> 0.076382922 | AF136: =I136/I$1 -> 0.076874411 | AG136: =J136/J$1 -> 0.077115556 | AH136: =K136/K$1 -> 0.076704838 | ... AV136: =Y136/Y$1 -> 0.078872743
A137: #VALUE! | B137: {=_FV(A137,"ticker symbol",TRUE)} -> EWP | C137: {=_FV(A137,"Name")} -> iShares:MSCI Spain | D137: {=TRANSPOSE(_xlfn.STOCKHISTORY(B137, WORKDAY(TODAY(), -23), TODAY(), 0, 0, 1))} -> 49.91 | E137: 49.37 | F137: 49.73 | G137: 49.94 | H137: 50.84 | I137: 51.59 | J137: 51.66 | K137: 51.57 | L137: 52.02 | M137: 52.41 | N137: 52.49 | O137: 52.29 | P137: 52.31 | Q137: 52.36 | R137: 53.06 | S137: 53.48 | T137: 53.36 | U137: 54.01 | V137: 52.88 | W137: 52.8 | X137: 53.21 | Y137: 53.45 | AA137: =D137/D$1 -> 0.075321069 | AB137: =E137/E$1 -> 0.075659357 | AC137: =F137/F$1 -> 0.075459387 | AD137: =G137/G$1 -> 0.074678869 | AE137: =H137/H$1 -> 0.075316287 | AF137: =I137/I$1 -> 0.075903366 | AG137: =J137/J$1 -> 0.075593731 | AH137: =K137/K$1 -> 0.075808135 | ... AV137: =Y137/Y$1 -> 0.078534801
... A161: #VALUE! | B161: {=_FV(A161,"ticker symbol",TRUE)} -> IGIB | C161: {=_FV(A161,"Name")} -> iShares:5-10 IG Corp Bd | D161: {=TRANSPOSE(_xlfn.STOCKHISTORY(B161, WORKDAY(TODAY(), -23), TODAY(), 0, 0, 1))} -> 53.81 | E161: 53.86 | F161: 54.06 | G161: 54.14 | H161: 54.33 | I161: 54.44 | J161: 54.39 | K161: 53.96 | L161: 54.02 | M161: 54.13 | N161: 54.04 | O161: 53.99 | P161: 53.91 | Q161: 53.84 | R161: 54.05 | S161: 54.02 | T161: 53.83 | U161: 53.9 | V161: 53.97 | W161: 53.95 | X161: 54.11 | Y161: 53.8 | AA161: =D161/D$1 -> 0.081206707 | AB161: =E161/E$1 -> 0.082540266 | AC161: =F161/F$1 -> 0.08202965 | AD161: =G161/G$1 -> 0.080959431 | AE161: =H161/H$1 -> 0.080486504 | AF161: =I161/I$1 -> 0.080096516 | AG161: =J161/J$1 -> 0.079588522 | AH161: =K161/K$1 -> 0.079321446 | ... AV161: =Y161/Y$1 -> 0.07904906

Sheet Price
A1: #VALUE! | B1: {=_FV(A1,"ticker symbol",TRUE)} -> SPY | C1: {=_FV(A1,"Name")} -> SPDR S&P 500 | D1: {=TRANSPOSE(_xlfn.STOCKHISTORY(B1, WORKDAY(TODAY(), -265), TODAY(), 0, 0, 1))} -> 606.79 | E1: 604.29 | F1: 586.28 | G1: 586.1 | H1: 591.15 | I1: 594.69 | J1: 601.3 | K1: 601.34 | L1: 595.01 | M1: 588.22 | N1: 586.08 | O1: 584.64 | P1: 591.95 | Q1: 595.36 | R1: 588.63 | S1: 589.49 | T1: 580.49 | U1: 581.39 | V1: 582.19 | W1: 592.78 | X1: 591.64 | Y1: 597.58 | Z1: 603.05 | AA1: 606.44 | AB1: 609.75 | AC1: 607.97 | AD1: 599.37 | AE1: 604.52 | AF1: 601.81 | AG1: 605.04 | AH1: 601.82 | AI1: 597.77 | AJ1: 601.78 | AK1: 604.22 | AL1: 606.32 | AM1: 600.77 | AN1: 604.85 | AO1: 605.31 | AP1: 603.36 | AQ1: 609.73 | AR1: 609.7 | AS1: 611.49 | AT1: 612.93 | AU1: 610.38 | AV1: 599.94 | AW1: 597.21 | AX1: 594.24 | AY1: 594.54 | AZ1: 585.05 | BA1: 594.18 | BB1: 583.77 | BC1: 576.86 | BD1: 583.06 | BE1: 572.71 | BF1: 575.92 | BG1: 560.58 | BH1: 555.92 | BI1: 558.87 | BJ1: 551.42 | BK1: 562.81 | BL1: 567.15 | BM1: 561.02 | BN1: 567.13 | BO1: 565.49 | BP1: 563.98 | BQ1: 574.08 | BR1: 575.46 | BS1: 568.59 | BT1: 567.08 | BU1: 555.66 | BV1: 559.39 | BW1: 560.97 | BX1: 564.52 | BY1: 536.7 | BZ1: 505.28 | CA1: 504.38 | CB1: 496.48 | CC1: 548.62 | CD1: 524.58 | CE1: 533.94 | CF1: 539.12 | CG1: 537.61 | CH1: 525.66 | CI1: 526.41 | CJ1: 513.88 | CK1: 527.25 | CL1: 535.42 | CM1: 546.69 | CN1: 550.64 | CO1: 550.85 | CP1: 554.32 | CQ1: 554.54 | CR1: 558.47 | CS1: 566.76 | CT1: 563.51 | CU1: 558.8 | CV1: 561.15 | CW1: 565.06 | CX1: 564.34 | CY1: 582.99 | CZ1: 586.84 | DA1: 587.59 | DB1: 590.46 | DC1: 594.2 | DD1: 594.85 | DE1: 592.85 | DF1: 582.86 | DG1: 583.09 | DH1: 579.11 | DI1: 591.15 | DJ1: 587.73 | DK1: 590.05 | DL1: 589.39 | DM1: 592.71 | DN1: 596.09 | DO1: 595.93 | DP1: 593.05 | DQ1: 599.14 | DR1: 599.68 | DS1: 603.08 | DT1: 601.36 | DU1: 603.75 | DV1: 597 | DW1: 602.68 | DX1: 597.53 | DY1: 597.44 | DZ1: 594.28 | EA1: 600.15 | EB1: 606.78 | EC1: 607.12 | ED1: 611.87 | EE1: 614.91 | EF1: 617.85 | EG1: 617.65 | EH1: 620.45 | EI1: 625.34 | EJ1: 620.68 | EK1: 620.34 | EL1: 624.06 | EM1: 625.82 | EN1: 623.62 | EO1: 624.81 | EP1: 622.14 | EQ1: 624.22 | ER1: 628.04 | ES1: 627.58 | ET1: 628.77 | EU1: 628.86 | EV1: 634.21 | EW1: 634.42 | EX1: 637.1 | EY1: 636.94 | EZ1: 635.26 | FA1: 634.46 | FB1: 632.08 | FC1: 621.72 | FD1: 631.17 | FE1: 627.97 | FF1: 632.78 | FG1: 632.25 | FH1: 637.18 | FI1: 635.92 | FJ1: 642.69 | FK1: 644.89 | FL1: 644.95 | FM1: 643.44 | FN1: 643.3 | FO1: 639.81 | FP1: 638.11 | FQ1: 635.55 | FR1: 645.31 | FS1: 642.47 | FT1: 645.16 | FU1: 646.63 | FV1: 648.92 | FW1: 645.05 | FX1: 640.27 | FY1: 643.74 | FZ1: 649.12 | GA1: 647.24 | GB1: 648.83 | GC1: 650.33 | GD1: 652.21 | GE1: 657.63 | GF1: 657.41 | GG1: 660.91 | GH1: 660 | GI1: 659.18 | GJ1: 662.26 | GK1: 663.7 | GL1: 666.84 | GM1: 663.21 | GN1: 661.1 | GO1: 658.05 | GP1: 661.82 | GQ1: 663.68 | GR1: 666.18 | GS1: 668.45 | GT1: 669.22 | GU1: 669.21 | GV1: 671.61 | GW1: 669.12 | GX1: 673.11 | GY1: 671.16 | GZ1: 653.02 | HA1: 663.04 | HB1: 662.23 | HC1: 665.17 | HD1: 660.64 | HE1: 664.39 | HF1: 671.3 | HG1: 671.29 | HH1: 667.8 | HI1: 671.76 | HJ1: 677.25 | HK1: 685.24 | HL1: 687.06 | HM1: 687.39 | HN1: 679.83 | HO1: 682.06 | HP1: 683.34 | HQ1: 675.24 | HR1: 677.58 | HS1: 670.31 | HT1: 670.97 | HU1: 681.44 | HV1: 683 | HW1: 683.38 | HX1: 672.04 | HY1: 671.93 | HZ1: 665.67 | IA1: 660.08 | IB1: 662.63 | IC1: 652.53 | ID1: 659.03 | IE1: 668.73 | IF1: 675.02 | IG1: 679.68 | IH1: 683.39 | II1: 680.27 | IJ1: 681.53 | IK1: 683.89 | IL1: 684.39 | IM1: 685.69 | IN1: 683.63 | IO1: 683.04 | IP1: 687.57 | IQ1: 689.17 | IR1: 681.76 | IS1: 680.73 | IT1: 678.87 | IU1: 671.4 | IV1: 676.47 | IW1: 680.59
A2: #VALUE! | B2: {=_FV(A2,"ticker symbol",TRUE)} -> QQQ | C2: {=_FV(A2,"Name")} -> Invesco QQQ Trust 1 | D2: {=TRANSPOSE(_xlfn.STOCKHISTORY(B2, WORKDAY(TODAY(), -265), TODAY(), 0, 0, 1))} -> 538.17 | E2: 535.8 | F2: 516.47 | G2: 514.17 | H2: 518.66 | I2: 522.87 | J2: 529.96 | K2: 529.6 | L2: 522.56 | M2: 515.61 | N2: 511.23 | O2: 510.23 | P2: 518.58 | Q2: 524.54 | R2: 515.18 | S2: 515.27 | T2: 507.19 | U2: 505.56 | V2: 505.08 | W2: 516.7 | X2: 513.08 | Y2: 521.74 | Z2: 524.8 | AA2: 531.51 | AB2: 532.64 | AC2: 529.63 | AD2: 514.21 | AE2: 521.81 | AF2: 520.83 | AG2: 523.05 | AH2: 522.29 | AI2: 518.11 | AJ2: 524.47 | AK2: 526.85 | AL2: 529.6 | AM2: 522.92 | AN2: 529.25 | AO2: 527.99 | AP2: 528.3 | AQ2: 535.9 | AR2: 538.15 | AS2: 539.37 | AT2: 539.52 | AU2: 537.23 | AV2: 526.08 | AW2: 519.87 | AX2: 513.32 | AY2: 514.56 | AZ2: 500.27 | BA2: 508.17 | BB2: 497.05 | BC2: 495.55 | BD2: 502.01 | BE2: 488.2 | BF2: 491.79 | BG2: 472.73 | BH2: 471.6 | BI2: 476.92 | BJ2: 468.34 | BK2: 479.66 | BL2: 482.77 | BM2: 474.54 | BN2: 480.89 | BO2: 479.26 | BP2: 480.84 | BQ2: 490.66 | BR2: 493.46 | BS2: 484.38 | BT2: 481.62 | BU2: 468.94 | BV2: 468.92 | BW2: 472.7 | BX2: 476.15 | BY2: 450.66 | BZ2: 422.67 | CA2: 423.69 | CB2: 416.06 | CC2: 466 | CD2: 446.18 | CE2: 454.4 | CF2: 457.48 | CG2: 457.99 | CH2: 444.18 | CI2: 444.1 | CJ2: 433.11 | CK2: 444.48 | CL2: 454.56 | CM2: 467.35 | CN2: 472.56 | CO2: 472.41 | CP2: 475.53 | CQ2: 475.47 | CR2: 481.68 | CS2: 488.83 | CT2: 485.93 | CU2: 481.41 | CV2: 483.3 | CW2: 488.29 | CX2: 487.97 | CY2: 507.85 | CZ2: 515.59 | DA2: 518.68 | DB2: 519.25 | DC2: 521.51 | DD2: 522.01 | DE2: 520.27 | DF2: 513.04 | DG2: 514 | DH2: 509.24 | DI2: 521.22 | DJ2: 518.91 | DK2: 519.93 | DL2: 519.11 | DM2: 523.21 | DN2: 527.3 | DO2: 528.77 | DP2: 524.79 | DQ2: 529.92 | DR2: 530.7 | DS2: 534.21 | DT2: 532.41 | DU2: 533.66 | DV2: 526.96 | DW2: 534.29 | DX2: 529.08 | DY2: 528.99 | DZ2: 526.83 | EA2: 531.65 | EB2: 539.78 | EC2: 541.16 | ED2: 546.22 | EE2: 548.09 | EF2: 551.64 | EG2: 546.99 | EH2: 550.8 | EI2: 556.22 | EJ2: 552.03 | EK2: 552.34 | EL2: 556.25 | EM2: 555.45 | EN2: 554.2 | EO2: 556.21 | EP2: 556.72 | EQ2: 557.29 | ER2: 561.8 | ES2: 561.26 | ET2: 564.17 | EU2: 561.25 | EV2: 563.81 | EW2: 565.01 | EX2: 566.37 | EY2: 568.14 | EZ2: 567.26 | FA2: 568.02 | FB2: 565.01 | FC2: 553.88 | FD2: 564.1 | FE2: 560.27 | FF2: 567.32 | FG2: 569.24 | FH2: 574.55 | FI2: 572.85 | FJ2: 580.05 | FK2: 580.34 | FL2: 579.89 | FM2: 577.34 | FN2: 577.11 | FO2: 569.28 | FP2: 565.9 | FQ2: 563.28 | FR2: 571.97 | FS2: 570.32 | FT2: 572.61 | FU2: 573.49 | FV2: 577.08 | FW2: 570.4 | FX2: 565.62 | FY2: 570.07 | FZ2: 575.23 | GA2: 576.06 | GB2: 578.87 | GC2: 580.51 | GD2: 580.7 | GE2: 584.08 | GF2: 586.66 | GG2: 591.68 | GH2: 591.18 | GI2: 590 | GJ2: 595.32 | GK2: 599.35 | GL2: 602.2 | GM2: 598.2 | GN2: 596.1 | GO2: 593.53 | GP2: 595.97 | GQ2: 598.73 | GR2: 600.37 | GS2: 603.25 | GT2: 605.73 | GU2: 603.18 | GV2: 607.71 | GW2: 604.51 | GX2: 611.44 | GY2: 610.7 | GZ2: 589.5 | HA2: 602.01 | HB2: 598 | HC2: 602.22 | HD2: 599.99 | HE2: 603.93 | HF2: 611.54 | HG2: 611.38 | HH2: 605.49 | HI2: 610.58 | HJ2: 617.1 | HK2: 628.09 | HL2: 632.92 | HM2: 635.77 | HN2: 626.05 | HO2: 629.07 | HP2: 632.08 | HQ2: 619.25 | HR2: 623.28 | HS2: 611.67 | HT2: 609.74 | HU2: 623.23 | HV2: 621.57 | HW2: 621.08 | HX2: 608.4 | HY2: 608.86 | HZ2: 603.66 | IA2: 596.31 | IB2: 599.87 | IC2: 585.67 | ID2: 590.07 | IE2: 605.16 | IF2: 608.89 | IG2: 614.27 | IH2: 619.25 | II2: 617.17 | IJ2: 622 | IK2: 623.52 | IL2: 622.94 | IM2: 625.48 | IN2: 624.28 | IO2: 625.05 | IP2: 627.61 | IQ2: 625.58 | IR2: 613.62 | IS2: 610.54 | IT2: 611.75 | IU2: 600.41 | IV2: 609.11 | IW2: 617.05
A3: #VALUE! | B3: {=_FV(A3,"ticker symbol",TRUE)} -> DIA | C3: {=_FV(A3,"Name")} -> SPDR Dow Jones Indus Avg | D3: {=TRANSPOSE(_xlfn.STOCKHISTORY(B3, WORKDAY(TODAY(), -265), TODAY(), 0, 0, 1))} -> 438.37 | E3: 435.57 | F3: 424.22 | G3: 424.53 | H3: 428.54 | I3: 428.89 | J3: 432.5 | K3: 433.21 | L3: 430 | M3: 425.77 | N3: 425.5 | O3: 423.8 | P3: 427.16 | Q3: 427.13 | R3: 425.33 | S3: 426.13 | T3: 419.33 | U3: 422.96 | V3: 425.15 | W3: 432.24 | X3: 431.56 | Y3: 434.72 | Z3: 440.1 | AA3: 441.28 | AB3: 445.38 | AC3: 444.12 | AD3: 447.12 | AE3: 448.41 | AF3: 447.18 | AG3: 448.82 | AH3: 445.39 | AI3: 444.27 | AJ3: 445.53 | AK3: 448.67 | AL3: 447.36 | AM3: 443.12 | AN3: 444.78 | AO3: 446.11 | AP3: 443.63 | AQ3: 447.26 | AR3: 445.79 | AS3: 445.92 | AT3: 446.67 | AU3: 442.39 | AV3: 434.15 | AW3: 434.53 | AX3: 436.13 | AY3: 434.34 | AZ3: 432.35 | BA3: 438.37 | BB3: 432.09 | BC3: 425.57 | BD3: 430.47 | BE3: 425.9 | BF3: 428.26 | BG3: 419.49 | BH3: 414.74 | BI3: 413.95 | BJ3: 408.78 | BK3: 415.36 | BL3: 419.21 | BM3: 416.53 | BN3: 420.42 | BO3: 420.12 | BP3: 419.62 | BQ3: 425.49 | BR3: 425.82 | BS3: 424.23 | BT3: 422.94 | BU3: 415.62 | BV3: 419.88 | BW3: 419.59 | BX3: 422.03 | BY3: 405.22 | BZ3: 383.22 | CA3: 379.57 | CB3: 376.48 | CC3: 406.08 | CD3: 395.68 | CE3: 401.91 | CF3: 405.42 | CG3: 403.71 | CH3: 396.77 | CI3: 391.36 | CJ3: 381.62 | CK3: 391.87 | CL3: 395.91 | CM3: 400.98 | CN3: 401.02 | CO3: 402.27 | CP3: 405.21 | CQ3: 406.34 | CR3: 407.42 | CS3: 413.04 | CT3: 412.26 | CU3: 408.24 | CV3: 411.05 | CW3: 413.88 | CX3: 412.42 | CY3: 424.23 | CZ3: 421.51 | DA3: 420.55 | DB3: 423.48 | DC3: 426.55 | DD3: 428.04 | DE3: 426.97 | DF3: 418.75 | DG3: 418.82 | DH3: 416.33 | DI3: 423.85 | DJ3: 421.42 | DK3: 422.46 | DL3: 422.85 | DM3: 423.71 | DN3: 426.01 | DO3: 424.94 | DP3: 423.97 | DQ3: 428.38 | DR3: 428.36 | DS3: 429.61 | DT3: 429.6 | DU3: 430.49 | DV3: 422.81 | DW3: 426.28 | DX3: 423.11 | DY3: 422.84 | DZ3: 421.76 | EA3: 425.72 | EB3: 430.79 | EC3: 429.86 | ED3: 433.93 | EE3: 438 | EF3: 440.65 | EG3: 444.89 | EH3: 444.71 | EI3: 448.09 | EJ3: 444 | EK3: 442.38 | EL3: 444.52 | EM3: 446.5 | EN3: 443.57 | EO3: 444.58 | EP3: 440.15 | EQ3: 442.36 | ER3: 445.22 | ES3: 443.26 | ET3: 443.44 | EU3: 444.96 | EV3: 450.21 | EW3: 447.11 | EX3: 449.02 | EY3: 448.34 | EZ3: 446.48 | FA3: 444.76 | FB3: 441.33 | FC3: 435.72 | FD3: 441.81 | FE3: 441.14 | FF3: 441.97 | FG3: 439.72 | FH3: 441.92 | FI3: 440.01 | FJ3: 444.68 | FK3: 449.42 | FL3: 449.16 | FM3: 449.53 | FN3: 449.05 | FO3: 449.29 | FP3: 449.36 | FQ3: 447.95 | FR3: 456.64 | FS3: 453.07 | FT3: 454.49 | FU3: 456.03 | FV3: 456.79 | FW3: 456.09 | FX3: 453.61 | FY3: 453.26 | FZ3: 457.05 | GA3: 454.99 | GB3: 456.2 | GC3: 458.01 | GD3: 455.93 | GE3: 461.92 | GF3: 459.32 | GG3: 460.07 | GH3: 458.78 | GI3: 461.26 | GJ3: 462.63 | GK3: 462.94 | GL3: 463.67 | GM3: 462.87 | GN3: 461.02 | GO3: 459.43 | GP3: 462.28 | GQ3: 463.04 | GR3: 463.74 | GS3: 464.26 | GT3: 465.11 | GU3: 467.51 | GV3: 466.84 | GW3: 465.97 | GX3: 466.07 | GY3: 463.5 | GZ3: 454.87 | HA3: 460.68 | HB3: 462.71 | HC3: 462.71 | HD3: 459.56 | HE3: 461.78 | HF3: 467.02 | HG3: 469.22 | HH3: 465.78 | HI3: 467.29 | HJ3: 472.21 | HK3: 475.35 | HL3: 477.15 | HM3: 476.37 | HN3: 475.01 | HO3: 475.67 | HP3: 473.47 | HQ3: 470.9 | HR3: 473.11 | HS3: 469.28 | HT3: 469.86 | HU3: 473.82 | HV3: 479.41 | HW3: 482.76 | HX3: 474.74 | HY3: 471.8 | HZ3: 466.32 | IA3: 461.3 | IB3: 461.76 | IC3: 458.1 | ID3: 462.57 | IE3: 464.44 | IF3: 471.18 | IG3: 474.35 | IH3: 477.18 | II3: 473.32 | IJ3: 475.26 | IK3: 479.41 | IL3: 479.07 | IM3: 480.03 | IN3: 478.15 | IO3: 476.42 | IP3: 481.35 | IQ3: 487.87 | IR3: 485.4 | IS3: 485.17 | IT3: 481.98 | IU3: 479.8 | IV3: 480.51 | IW3: 481.15
A4: #VALUE! | B4: {=_FV(A4,"ticker symbol",TRUE)} -> IWM | C4: {=_FV(A4,"Name")} -> iShares:Russ 2000 ETF | D4: {=TRANSPOSE(_xlfn.STOCKHISTORY(B4, WORKDAY(TODAY(), -265), TODAY(), 0, 0, 1))} -> 234.44 | E4: 231.07 | F4: 220.84 | G4: 219.86 | H4: 221.92 | I4: 221.41 | J4: 223.39 | K4: 225.68 | L4: 222.39 | M4: 220.68 | N4: 220.96 | O4: 221.14 | P4: 224.43 | Q4: 224.52 | R4: 222.72 | S4: 221.71 | T4: 216.83 | U4: 217.25 | V4: 219.72 | W4: 224.04 | X4: 224.49 | Y4: 225.46 | Z4: 229.79 | AA4: 228.29 | AB4: 229.33 | AC4: 228.69 | AD4: 226.5 | AE4: 226.75 | AF4: 226.23 | AG4: 228.53 | AH4: 226.48 | AI4: 223.83 | AJ4: 226.93 | AK4: 229.4 | AL4: 228.65 | AM4: 226 | AN4: 227.02 | AO4: 225.7 | AP4: 223.62 | AQ4: 226.14 | AR4: 225.97 | AS4: 227.21 | AT4: 226.43 | AU4: 224.26 | AV4: 217.8 | AW4: 216.23 | AX4: 215.41 | AY4: 215.68 | AZ4: 212.39 | BA4: 214.65 | BB4: 208.78 | BC4: 206.42 | BD4: 208.47 | BE4: 205.28 | BF4: 205.95 | BG4: 200.77 | BH4: 200.75 | BI4: 201.1 | BJ4: 198.1 | BK4: 202.89 | BL4: 205.45 | BM4: 203.21 | BN4: 206.37 | BO4: 205.06 | BP4: 203.79 | BQ4: 208.86 | BR4: 207.7 | BS4: 205.59 | BT4: 204.61 | BU4: 200.45 | BV4: 199.49 | BW4: 199.51 | BX4: 202.66 | BY4: 189.65 | BZ4: 181.19 | CA4: 179.55 | CB4: 174.82 | CC4: 189.68 | CD4: 181.71 | CE4: 184.36 | CF4: 186.53 | CG4: 186.76 | CH4: 184.97 | CI4: 186.48 | CJ4: 182.74 | CK4: 187.47 | CL4: 190.25 | CM4: 194.06 | CN4: 194.12 | CO4: 194.94 | CP4: 196.09 | CQ4: 194.86 | CR4: 196.07 | CS4: 200.48 | CT4: 198.94 | CU4: 196.77 | CV4: 197.42 | CW4: 201.18 | CX4: 200.81 | CY4: 207.87 | CZ4: 208.63 | DA4: 206.78 | DB4: 208.13 | DC4: 209.85 | DD4: 208.97 | DE4: 209.08 | DF4: 203.21 | DG4: 203.2 | DH4: 202.56 | DI4: 207.7 | DJ4: 205.51 | DK4: 206.12 | DL4: 205.07 | DM4: 205.71 | DN4: 209.03 | DO4: 208.44 | DP4: 208.53 | DQ4: 211.9 | DR4: 213.36 | DS4: 214.51 | DT4: 213.63 | DU4: 212.78 | DV4: 208.89 | DW4: 210.77 | DX4: 208.55 | DY4: 209.65 | DZ4: 209.21 | EA4: 211.77 | EB4: 214.47 | EC4: 211.97 | ED4: 215.41 | EE4: 215.48 | EF4: 215.79 | EG4: 218.01 | EH4: 221.03 | EI4: 223.08 | EJ4: 219.73 | EK4: 221.25 | EL4: 223.65 | EM4: 224.8 | EN4: 221.7 | EO4: 223.19 | EP4: 218.82 | EQ4: 221.02 | ER4: 223.92 | ES4: 222.33 | ET4: 221.43 | EU4: 223.27 | EV4: 226.68 | EW4: 223.55 | EX4: 224.38 | EY4: 224.12 | EZ4: 222.69 | FA4: 221.56 | FB4: 219.39 | FC4: 214.92 | FD4: 219.73 | FE4: 220.85 | FF4: 220.56 | FG4: 219.84 | FH4: 220.32 | FI4: 220.27 | FJ4: 226.81 | FK4: 231.22 | FL4: 228.24 | FM4: 227.13 | FN4: 227.96 | FO4: 226.21 | FP4: 225.41 | FQ4: 225.97 | FR4: 234.83 | FS4: 232.36 | FT4: 234.28 | FU4: 235.94 | FV4: 236.22 | FW4: 235.17 | FX4: 233.9 | FY4: 233.67 | FZ4: 236.59 | GA4: 237.77 | GB4: 238.25 | GC4: 236.85 | GD4: 236.43 | GE4: 240.8 | GF4: 238.34 | GG4: 239.35 | GH4: 238.28 | GI4: 238.89 | GJ4: 244.84 | GK4: 242.98 | GL4: 244.39 | GM4: 243.84 | GN4: 241.6 | GO4: 239.29 | GP4: 241.34 | GQ4: 241.62 | GR4: 241.96 | GS4: 242.49 | GT4: 244.02 | GU4: 245.83 | GV4: 246.81 | GW4: 244.16 | GX4: 246.72 | GY4: 245.13 | GZ4: 237.79 | HA4: 244.41 | HB4: 247.9 | HC4: 250.33 | HD4: 245.06 | HE4: 243.41 | HF4: 248.16 | HG4: 246.99 | HH4: 243.34 | HI4: 246.42 | HJ4: 249.43 | HK4: 250.3 | HL4: 248.96 | HM4: 246.84 | HN4: 244.85 | HO4: 246.23 | HP4: 245.44 | HQ4: 241.2 | HR4: 244.68 | HS4: 240.35 | HT4: 241.61 | HU4: 244.03 | HV4: 244.24 | HW4: 243.64 | HX4: 236.79 | HY4: 237.48 | HZ4: 232.76 | IA4: 233.47 | IB4: 233.43 | IC4: 229.11 | ID4: 235.6 | IE4: 239.9 | IF4: 245.13 | IG4: 247.3 | IH4: 248.75 | II4: 245.62 | IJ4: 245.17 | IK4: 249.63 | IL4: 251.82 | IM4: 250.77 | IN4: 250.87 | IO4: 251.39 | IP4: 254.81 | IQ4: 257.8 | IR4: 253.85 | IS4: 251.93 | IT4: 249.9 | IU4: 247.24 | IV4: 248.71 | IW4: 250.79
A5: #VALUE! | B5: {=_FV(A5,"ticker symbol",TRUE)} -> RSP | C5: {=_FV(A5,"Name")} -> Invesco S&P500 EWght | D5: {=TRANSPOSE(_xlfn.STOCKHISTORY(B5, WORKDAY(TODAY(), -265), TODAY(), 0, 0, 1))} -> 181.56 | E5: 180.13 | F5: 174.8 | G5: 174.22 | H5: 176.66 | I5: 176.28 | J5: 177.61 | K5: 177.9 | L5: 176.69 | M5: 174.91 | N5: 175.23 | O5: 174.72 | P5: 176.32 | Q5: 176.2 | R5: 175.61 | S5: 175.82 | T5: 173.25 | U5: 174.67 | V5: 176.08 | W5: 177.77 | X5: 179.17 | Y5: 180.04 | Z5: 182.13 | AA5: 181.49 | AB5: 182.35 | AC5: 182.19 | AD5: 182.31 | AE5: 181.41 | AF5: 180.81 | AG5: 182.74 | AH5: 181.24 | AI5: 180.25 | AJ5: 180.47 | AK5: 181.35 | AL5: 181.11 | AM5: 180.22 | AN5: 180.73 | AO5: 180.75 | AP5: 179.7 | AQ5: 181.26 | AR5: 181.08 | AS5: 182.47 | AT5: 182.84 | AU5: 182.38 | AV5: 179.82 | AW5: 179.97 | AX5: 180.15 | AY5: 179.77 | AZ5: 178.2 | BA5: 180.18 | BB5: 178.26 | BC5: 175.38 | BD5: 177.01 | BE5: 175.05 | BF5: 176.69 | BG5: 174.2 | BH5: 171.88 | BI5: 171.07 | BJ5: 169.43 | BK5: 172.66 | BL5: 174.99 | BM5: 174.08 | BN5: 175.37 | BO5: 174.64 | BP5: 173.84 | BQ5: 175.69 | BR5: 175.27 | BS5: 174.94 | BT5: 174.49 | BU5: 171.8 | BV5: 173.23 | BW5: 173.41 | BX5: 174.86 | BY5: 166.53 | BZ5: 157.18 | CA5: 155.87 | CB5: 152.93 | CC5: 165.16 | CD5: 159.6 | CE5: 162.02 | CF5: 164.09 | CG5: 163.56 | CH5: 161.46 | CI5: 162.66 | CJ5: 159.39 | CK5: 163.32 | CL5: 164.9 | CM5: 167.69 | CN5: 167.45 | CO5: 167.92 | CP5: 168.9 | CQ5: 169.14 | CR5: 168.91 | CS5: 171.89 | CT5: 171.32 | CU5: 170.05 | CV5: 171.17 | CW5: 172.61 | CX5: 172.57 | CY5: 177.3 | CZ5: 177.7 | DA5: 176.63 | DB5: 178.24 | DC5: 179.99 | DD5: 179.97 | DE5: 179.5 | DF5: 175.59 | DG5: 175.03 | DH5: 174.33 | DI5: 177.58 | DJ5: 176.07 | DK5: 176.5 | DL5: 176.43 | DM5: 176.57 | DN5: 178.04 | DO5: 177.64 | DP5: 177.16 | DQ5: 178.69 | DR5: 178.72 | DS5: 179.61 | DT5: 179.1 | DU5: 179.52 | DV5: 177.35 | DW5: 179.06 | DX5: 177.34 | DY5: 177.36 | DZ5: 177.65 | EA5: 178.49 | EB5: 180.18 | EC5: 178.88 | ED5: 180.23 | EE5: 180.89 | EF5: 181.74 | EG5: 183.87 | EH5: 184.29 | EI5: 185.18 | EJ5: 183.7 | EK5: 184.16 | EL5: 184.71 | EM5: 185.78 | EN5: 184.42 | EO5: 184.61 | EP5: 182.05 | EQ5: 182.76 | ER5: 184.25 | ES5: 184.18 | ET5: 183.55 | EU5: 185.89 | EV5: 187.43 | EW5: 186.83 | EX5: 187.73 | EY5: 186.62 | EZ5: 186.53 | FA5: 185.32 | FB5: 183.63 | FC5: 181.56 | FD5: 183.78 | FE5: 183.27 | FF5: 182.86 | FG5: 182.75 | FH5: 183.08 | FI5: 182.58 | FJ5: 184.9 | FK5: 187.54 | FL5: 186.32 | FM5: 185.86 | FN5: 185.82 | FO5: 186.69 | FP5: 186.52 | FQ5: 185.87 | FR5: 189.49 | FS5: 188.04 | FT5: 188.17 | FU5: 188.85 | FV5: 188.76 | FW5: 188.62 | FX5: 187.13 | FY5: 186.84 | FZ5: 188.22 | GA5: 188.44 | GB5: 188.29 | GC5: 187.71 | GD5: 187.52 | GE5: 190.33 | GF5: 188.96 | GG5: 188.63 | GH5: 188.13 | GI5: 188.31 | GJ5: 189.54 | GK5: 189.21 | GL5: 188.48 | GM5: 188.71 | GN5: 188.27 | GO5: 186.72 | GP5: 188.57 | GQ5: 189.2 | GR5: 189.7 | GS5: 190.13 | GT5: 190.58 | GU5: 191.25 | GV5: 191.19 | GW5: 190.35 | GX5: 190.97 | GY5: 189.39 | GZ5: 185.12 | HA5: 186.92 | HB5: 188.47 | HC5: 188.85 | HD5: 187.06 | HE5: 188.01 | HF5: 189.89 | HG5: 190.76 | HH5: 189.84 | HI5: 190.74 | HJ5: 191.26 | HK5: 192.11 | HL5: 190.46 | HM5: 188.33 | HN5: 187.52 | HO5: 187.93 | HP5: 187.47 | HQ5: 186.23 | HR5: 187.32 | HS5: 186 | HT5: 187.56 | HU5: 188.64 | HV5: 189.73 | HW5: 190.18 | HX5: 188.03 | HY5: 187.34 | HZ5: 184.88 | IA5: 184.99 | IB5: 184.43 | IC5: 182.18 | ID5: 185.76 | IE5: 186.53 | IF5: 189.18 | IG5: 190.5 | IH5: 191.53 | II5: 190.22 | IJ5: 190.04 | IK5: 191.49 | IL5: 191.55 | IM5: 192 | IN5: 190.85 | IO5: 190.49 | IP5: 193.17 | IQ5: 194.73 | IR5: 193.41 | IS5: 193.65 | IT5: 192.29 | IU5: 191.77 | IV5: 192.18 | IW5: 192.88
A6: #VALUE! | B6: {=_FV(A6,"ticker symbol",TRUE)} -> QQQE | C6: {=_FV(A6,"Name")} -> Direxion:NASDAQ-100 EWI | D6: {=TRANSPOSE(_xlfn.STOCKHISTORY(B6, WORKDAY(TODAY(), -265), TODAY(), 0, 0, 1))} -> 94.86 | E6: 94.32 | F6: 90.96 | G6: 90.22 | H6: 91.15 | I6: 91.14 | J6: 92.16 | K6: 92.16 | L6: 91.28 | M6: 90.15 | N6: 89.77 | O6: 89.72 | P6: 91.24 | Q6: 91.9 | R6: 91.04 | S6: 90.96 | T6: 89.66 | U6: 89.56 | V6: 90.15 | W6: 91.45 | X6: 91.81 | Y6: 92.9 | Z6: 93.71 | AA6: 94.36 | AB6: 94.49 | AC6: 94.01 | AD6: 92.9 | AE6: 93.02 | AF6: 93.15 | AG6: 94.18 | AH6: 94.18 | AI6: 93.76 | AJ6: 94.39 | AK6: 95.33 | AL6: 95.44 | AM6: 94.83 | AN6: 95.66 | AO6: 95.47 | AP6: 95.6 | AQ6: 96.69 | AR6: 96.81 | AS6: 97.98 | AT6: 97.73 | AU6: 97.26 | AV6: 95.39 | AW6: 94.68 | AX6: 93.73 | AY6: 93.77 | AZ6: 91.87 | BA6: 92.93 | BB6: 91.75 | BC6: 91.13 | BD6: 92.06 | BE6: 89.85 | BF6: 90.51 | BG6: 88.06 | BH6: 87.18 | BI6: 87.48 | BJ6: 86.24 | BK6: 88.13 | BL6: 89.57 | BM6: 88.65 | BN6: 89.33 | BO6: 89.01 | BP6: 88.89 | BQ6: 90.73 | BR6: 90.87 | BS6: 90.03 | BT6: 89.23 | BU6: 87.19 | BV6: 87.19 | BW6: 87.64 | BX6: 88.22 | BY6: 83.92 | BZ6: 78.66 | CA6: 78.54 | CB6: 76.98 | CC6: 85.17 | CD6: 81.79 | CE6: 82.99 | CF6: 83.59 | CG6: 83.84 | CH6: 82.13 | CI6: 82.46 | CJ6: 80.73 | CK6: 82.59 | CL6: 84.04 | CM6: 86.34 | CN6: 86.8 | CO6: 87.05 | CP6: 87.58 | CQ6: 87.69 | CR6: 87.83 | CS6: 89.52 | CT6: 89.27 | CU6: 88.47 | CV6: 89.09 | CW6: 90.01 | CX6: 90.06 | CY6: 93.42 | CZ6: 94.27 | DA6: 94.38 | DB6: 94.7 | DC6: 95.38 | DD6: 95.3 | DE6: 95.2 | DF6: 93.49 | DG6: 93.51 | DH6: 92.73 | DI6: 94.44 | DJ6: 93.85 | DK6: 93.71 | DL6: 93.57 | DM6: 94.2 | DN6: 95.15 | DO6: 95.39 | DP6: 94.85 | DQ6: 95.8 | DR6: 95.81 | DS6: 96.62 | DT6: 96.37 | DU6: 96.43 | DV6: 94.84 | DW6: 96.28 | DX6: 95.09 | DY6: 95.14 | DZ6: 94.88 | EA6: 95.6 | EB6: 97.12 | EC6: 96.63 | ED6: 97.32 | EE6: 97.51 | EF6: 98.31 | EG6: 98.35 | EH6: 98.71 | EI6: 99.45 | EJ6: 98.66 | EK6: 99.11 | EL6: 99.37 | EM6: 98.96 | EN6: 98.47 | EO6: 98.81 | EP6: 98.18 | EQ6: 98.26 | ER6: 99.18 | ES6: 99.13 | ET6: 99.54 | EU6: 99.91 | EV6: 100.32 | EW6: 100.08 | EX6: 100.38 | EY6: 100.32 | EZ6: 100.26 | FA6: 99.96 | FB6: 98.36 | FC6: 96.83 | FD6: 98.39 | FE6: 97.58 | FF6: 97.97 | FG6: 97.84 | FH6: 97.65 | FI6: 97.18 | FJ6: 98.37 | FK6: 99.22 | FL6: 98.59 | FM6: 98.28 | FN6: 98.44 | FO6: 97.9 | FP6: 97.64 | FQ6: 97.22 | FR6: 98.9 | FS6: 98.05 | FT6: 98.08 | FU6: 98.42 | FV6: 98.78 | FW6: 98.05 | FX6: 97.23 | FY6: 97.22 | FZ6: 97.77 | GA6: 97.94 | GB6: 98.32 | GC6: 98.57 | GD6: 97.75 | GE6: 99.07 | GF6: 98.98 | GG6: 99.29 | GH6: 99.26 | GI6: 99.76 | GJ6: 100.88 | GK6: 100.84 | GL6: 101.3 | GM6: 100.88 | GN6: 100.69 | GO6: 100.05 | GP6: 101.02 | GQ6: 101.71 | GR6: 101.61 | GS6: 102.18 | GT6: 102.73 | GU6: 102.76 | GV6: 103.12 | GW6: 102.42 | GX6: 103.5 | GY6: 102.95 | GZ6: 99.77 | HA6: 101.35 | HB6: 101.47 | HC6: 101.85 | HD6: 101.28 | HE6: 101.86 | HF6: 103.24 | HG6: 103.77 | HH6: 102.84 | HI6: 103.54 | HJ6: 103.99 | HK6: 105.23 | HL6: 104.95 | HM6: 104 | HN6: 103.16 | HO6: 103.7 | HP6: 103.57 | HQ6: 101.88 | HR6: 102.65 | HS6: 101.09 | HT6: 101.08 | HU6: 102.19 | HV6: 102.39 | HW6: 102.45 | HX6: 100.82 | HY6: 100.63 | HZ6: 99.51 | IA6: 99.02 | IB6: 99.05 | IC6: 96.91 | ID6: 98.42 | IE6: 99.58 | IF6: 100.61 | IG6: 101.22 | IH6: 102.15 | II6: 101.78 | IJ6: 102.78 | IK6: 103.92 | IL6: 103.59 | IM6: 104.08 | IN6: 103.55 | IO6: 103.46 | IP6: 104.44 | IQ6: 104.43 | IR6: 103.24 | IS6: 103.03 | IT6: 102.8 | IU6: 101.55 | IV6: 102.49 | IW6: 103.27
A7: #VALUE! | B7: {=_FV(A7,"ticker symbol",TRUE)} -> EDOW | C7: {=_FV(A7,"Name")} -> FT:Dow 30 Equal Weight | D7: {=TRANSPOSE(_xlfn.STOCKHISTORY(B7, WORKDAY(TODAY(), -265), TODAY(), 0, 0, 1))} -> 37.1294 | E7: 36.9754 | F7: 36.14 | G7: 36.2282 | H7: 36.5433 | I7: 36.5898 | J7: 36.8621 | K7: 36.9499 | L7: 36.6497 | M7: 36.3844 | N7: 36.27 | O7: 36.1978 | P7: 36.3562 | Q7: 36.42 | R7: 36.2512 | S7: 36.2989 | T7: 35.8157 | U7: 36.0383 | V7: 36.08 | W7: 36.52 | X7: 36.6053 | Y7: 36.8507 | Z7: 37.21 | AA7: 37.31 | AB7: 37.59 | AC7: 37.47 | AD7: 37.81 | AE7: 37.87 | AF7: 37.84 | AG7: 38.0565 | AH7: 37.76 | AI7: 37.65 | AJ7: 37.76 | AK7: 37.98 | AL7: 37.86 | AM7: 37.48 | AN7: 37.6842 | AO7: 37.81 | AP7: 37.71 | AQ7: 38.16 | AR7: 38.04 | AS7: 38.09 | AT7: 38.24 | AU7: 37.9623 | AV7: 37.57 | AW7: 37.7 | AX7: 37.76 | AY7: 37.69 | AZ7: 37.555 | BA7: 37.9529 | BB7: 37.5036 | BC7: 36.9135 | BD7: 37.2438 | BE7: 36.9077 | BF7: 37.2121 | BG7: 36.55 | BH7: 36.0513 | BI7: 35.9429 | BJ7: 35.5764 | BK7: 36.09 | BL7: 36.4253 | BM7: 36.1726 | BN7: 36.5012 | BO7: 36.4705 | BP7: 36.3574 | BQ7: 36.8103 | BR7: 36.76 | BS7: 36.6417 | BT7: 36.4632 | BU7: 35.8718 | BV7: 36.2239 | BW7: 36.1453 | BX7: 36.29 | BY7: 34.7933 | BZ7: 32.8868 | CA7: 32.5667 | CB7: 32.19 | CC7: 34.6431 | CD7: 33.784 | CE7: 34.4006 | CF7: 34.6349 | CG7: 34.51 | CH7: 33.88 | CI7: 33.84 | CJ7: 33.14 | CK7: 33.9547 | CL7: 34.2942 | CM7: 34.6596 | CN7: 34.6806 | CO7: 34.8159 | CP7: 35.06 | CQ7: 35.18 | CR7: 35.1853 | CS7: 35.6539 | CT7: 35.5411 | CU7: 35.303 | CV7: 35.6171 | CW7: 35.7946 | CX7: 35.6893 | CY7: 36.6712 | CZ7: 36.6306 | DA7: 36.5379 | DB7: 36.88 | DC7: 37.1594 | DD7: 37.2196 | DE7: 37.1596 | DF7: 36.5496 | DG7: 36.5457 | DH7: 36.3724 | DI7: 36.9234 | DJ7: 36.7137 | DK7: 36.8473 | DL7: 36.9428 | DM7: 36.9864 | DN7: 37.2157 | DO7: 37.1493 | DP7: 36.9677 | DQ7: 37.3892 | DR7: 37.4 | DS7: 37.59 | DT7: 37.4055 | DU7: 37.4442 | DV7: 36.8562 | DW7: 37.167 | DX7: 36.83 | DY7: 36.8333 | DZ7: 36.8793 | EA7: 37.1963 | EB7: 37.5813 | EC7: 37.4472 | ED7: 37.604 | EE7: 38.1262 | EF7: 38.3301 | EG7: 38.7074 | EH7: 38.72 | EI7: 38.9846 | EJ7: 38.6301 | EK7: 38.5701 | EL7: 38.7333 | EM7: 38.8455 | EN7: 38.5958 | EO7: 38.6294 | EP7: 38.3488 | EQ7: 38.5002 | ER7: 38.7145 | ES7: 38.5749 | ET7: 38.58 | EU7: 38.8279 | EV7: 39.2052 | EW7: 38.95 | EX7: 39.1144 | EY7: 39.0574 | EZ7: 38.9218 | FA7: 38.7064 | FB7: 38.2985 | FC7: 37.957 | FD7: 38.4014 | FE7: 38.4155 | FF7: 38.5292 | FG7: 38.4068 | FH7: 38.6482 | FI7: 38.4748 | FJ7: 38.7998 | FK7: 39.2333 | FL7: 39.1667 | FM7: 39.1802 | FN7: 39.23 | FO7: 39.2052 | FP7: 39.2803 | FQ7: 39.1543 | FR7: 39.7454 | FS7: 39.507 | FT7: 39.5822 | FU7: 39.6716 | FV7: 39.7345 | FW7: 39.6528 | FX7: 39.4694 | FY7: 39.4136 | FZ7: 39.7133 | GA7: 39.61 | GB7: 39.572 | GC7: 39.6949 | GD7: 39.5124 | GE7: 39.9519 | GF7: 39.695 | GG7: 39.6291 | GH7: 39.6125 | GI7: 39.7543 | GJ7: 39.7835 | GK7: 39.8916 | GL7: 39.9303 | GM7: 39.844 | GN7: 39.7318 | GO7: 39.4483 | GP7: 39.6602 | GQ7: 39.7137 | GR7: 39.94 | GS7: 40.095 | GT7: 40.1214 | GU7: 40.248 | GV7: 40.1251 | GW7: 40.0349 | GX7: 40.02 | GY7: 39.8545 | GZ7: 39.126 | HA7: 39.5278 | HB7: 39.7273 | HC7: 39.7105 | HD7: 39.4928 | HE7: 39.8031 | HF7: 40.2257 | HG7: 40.51 | HH7: 40.2984 | HI7: 40.3625 | HJ7: 40.6207 | HK7: 40.8644 | HL7: 40.9669 | HM7: 40.7317 | HN7: 40.66 | HO7: 40.8322 | HP7: 40.5456 | HQ7: 40.2972 | HR7: 40.524 | HS7: 40.2259 | HT7: 40.2915 | HU7: 40.6092 | HV7: 41.1556 | HW7: 41.3766 | HX7: 40.9171 | HY7: 40.7283 | HZ7: 40.323 | IA7: 40.0779 | IB7: 40.0375 | IC7: 39.72 | ID7: 40.2046 | IE7: 40.285 | IF7: 40.8282 | IG7: 41.0541 | IH7: 41.236 | II7: 40.9993 | IJ7: 41.13 | IK7: 41.47 | IL7: 41.3567 | IM7: 41.3227 | IN7: 41.0972 | IO7: 40.99 | IP7: 41.39 | IQ7: 41.7455 | IR7: 41.62 | IS7: 41.63 | IT7: 41.36 | IU7: 41.23 | IV7: 41.2089 | IW7: 41.2032
A8: #VALUE! | B8: {=_FV(A8,"ticker symbol",TRUE)} -> MDY | C8: {=_FV(A8,"Name")} -> SPDR S&P MidCap 400 | D8: {=TRANSPOSE(_xlfn.STOCKHISTORY(B8, WORKDAY(TODAY(), -265), TODAY(), 0, 0, 1))} -> 599.27 | E8: 592.24 | F8: 569.27 | G8: 568.22 | H8: 570.23 | I8: 571.6 | J8: 575.63 | K8: 577.89 | L8: 572.23 | M8: 568.28 | N8: 569.58 | O8: 568.28 | P8: 575.11 | Q8: 576.02 | R8: 572.23 | S8: 573.73 | T8: 565.61 | U8: 570.2 | V8: 576.69 | W8: 584.24 | X8: 588.6 | Y8: 591.11 | Z8: 601.18 | AA8: 598.56 | AB8: 598.53 | AC8: 597.49 | AD8: 591.3 | AE8: 592.03 | AF8: 589.68 | AG8: 596.41 | AH8: 590.68 | AI8: 584.08 | AJ8: 587.49 | AK8: 593.04 | AL8: 592.76 | AM8: 585.37 | AN8: 585.97 | AO8: 583.12 | AP8: 579.11 | AQ8: 584.32 | AR8: 583.99 | AS8: 589.24 | AT8: 586.02 | AU8: 580.29 | AV8: 566.5 | AW8: 565.76 | AX8: 565.55 | AY8: 566.84 | AZ8: 559.66 | BA8: 565.8 | BB8: 552.91 | BC8: 544.36 | BD8: 551.08 | BE8: 542.35 | BF8: 546.2 | BG8: 534.63 | BH8: 531.63 | BI8: 531.33 | BJ8: 522.96 | BK8: 535.74 | BL8: 543.73 | BM8: 539.23 | BN8: 545.97 | BO8: 542.12 | BP8: 537.89 | BQ8: 551.07 | BR8: 549.46 | BS8: 546.02 | BT8: 542.06 | BU8: 532.23 | BV8: 533.48 | BW8: 536.37 | BX8: 544.86 | BY8: 508.5 | BZ8: 483.74 | CA8: 478.59 | CB8: 468.22 | CC8: 512.02 | CD8: 490.62 | CE8: 497.47 | CF8: 503.76 | CG8: 502.98 | CH8: 497.37 | CI8: 501.78 | CJ8: 490.29 | CK8: 502.61 | CL8: 509.03 | CM8: 519.89 | CN8: 517.51 | CO8: 519.41 | CP8: 521.88 | CQ8: 520.8 | CR8: 523.66 | CS8: 535.98 | CT8: 534.96 | CU8: 531.07 | CV8: 532.64 | CW8: 539.24 | CX8: 538.59 | CY8: 557.55 | CZ8: 559.29 | DA8: 557.51 | DB8: 558.84 | DC8: 564.93 | DD8: 562.76 | DE8: 561.21 | DF8: 546.2 | DG8: 545.56 | DH8: 544.66 | DI8: 556.7 | DJ8: 549.42 | DK8: 550.97 | DL8: 548.72 | DM8: 548.24 | DN8: 555.01 | DO8: 553.75 | DP8: 552.9 | DQ8: 558.36 | DR8: 559.85 | DS8: 561.63 | DT8: 558.7 | DU8: 559.19 | DV8: 550.57 | DW8: 556.83 | DX8: 552.01 | DY8: 554.12 | DZ8: 552.11 | EA8: 557.09 | EB8: 562.22 | EC8: 557.67 | ED8: 565.24 | EE8: 566.51 | EF8: 566.48 | EG8: 573.66 | EH8: 579.34 | EI8: 582.43 | EJ8: 576.82 | EK8: 579.25 | EL8: 581.66 | EM8: 584.4 | EN8: 579.23 | EO8: 581.19 | EP8: 571.03 | EQ8: 573.72 | ER8: 579.96 | ES8: 579.42 | ET8: 575.81 | EU8: 583.26 | EV8: 588.03 | EW8: 582.49 | EX8: 587.77 | EY8: 586.47 | EZ8: 585.68 | FA8: 582.16 | FB8: 575.62 | FC8: 567.09 | FD8: 574.39 | FE8: 574.1 | FF8: 572.45 | FG8: 571.21 | FH8: 571.12 | FI8: 568.9 | FJ8: 581.95 | FK8: 590.93 | FL8: 583.04 | FM8: 580.05 | FN8: 581.64 | FO8: 582.7 | FP8: 580.23 | FQ8: 579.53 | FR8: 595.56 | FS8: 590.69 | FT8: 593.46 | FU8: 597.27 | FV8: 598.04 | FW8: 595.16 | FX8: 592.51 | FY8: 591.51 | FZ8: 600.07 | GA8: 602.89 | GB8: 603.04 | GC8: 597.54 | GD8: 597.29 | GE8: 607.37 | GF8: 600.62 | GG8: 600.46 | GH8: 598.81 | GI8: 598.29 | GJ8: 605.62 | GK8: 599.42 | GL8: 598.93 | GM8: 598.62 | GN8: 594.03 | GO8: 590.71 | GP8: 596.68 | GQ8: 595.34 | GR8: 596.03 | GS8: 597.97 | GT8: 598.75 | GU8: 600.68 | GV8: 601.57 | GW8: 595.07 | GX8: 600.97 | GY8: 594.43 | GZ8: 577.77 | HA8: 588.92 | HB8: 594.38 | HC8: 594.92 | HD8: 587.61 | HE8: 588.86 | HF8: 595.95 | HG8: 598.05 | HH8: 591.26 | HI8: 599.29 | HJ8: 602.47 | HK8: 604.78 | HL8: 599.47 | HM8: 595.66 | HN8: 589.39 | HO8: 592.98 | HP8: 592.7 | HQ8: 587.59 | HR8: 591.43 | HS8: 586.01 | HT8: 592.78 | HU8: 596.56 | HV8: 596.54 | HW8: 598.63 | HX8: 587.38 | HY8: 586.16 | HZ8: 575.3 | IA8: 577.19 | IB8: 577.89 | IC8: 568.63 | ID8: 582.32 | IE8: 587.81 | IF8: 598.88 | IG8: 602.5 | IH8: 605.48 | II8: 602.2 | IJ8: 600.02 | IK8: 604.19 | IL8: 607.15 | IM8: 607.38 | IN8: 604.34 | IO8: 603.9 | IP8: 615.37 | IQ8: 621.24 | IR8: 613.11 | IS8: 611.94 | IT8: 608.15 | IU8: 605.4 | IV8: 608.07 | IW8: 611.57
A9: #VALUE! | B9: {=_FV(A9,"ticker symbol",TRUE)} -> IWN | C9: {=_FV(A9,"Name")} -> iShares:Russ 2000 Vl ETF | D9: {=TRANSPOSE(_xlfn.STOCKHISTORY(B9, WORKDAY(TODAY(), -265), TODAY(), 0, 0, 1))} -> 174.56 | E9: 171.36 | F9: 163.81 | G9: 162.69 | H9: 164.11 | I9: 163.86 | J9: 165.33 | K9: 166.71 | L9: 164.4 | M9: 163.7 | N9: 164.17 | O9: 163.92 | P9: 165.71 | Q9: 165.3 | R9: 164.21 | S9: 163.59 | T9: 159.95 | U9: 160.75 | V9: 163.21 | W9: 166.38 | X9: 166.29 | Y9: 166.95 | Z9: 169.4 | AA9: 167.76 | AB9: 168.2 | AC9: 168.28 | AD9: 168.63 | AE9: 167.96 | AF9: 167.28 | AG9: 169.03 | AH9: 167.47 | AI9: 165.19 | AJ9: 167.45 | AK9: 169.13 | AL9: 169.06 | AM9: 167.09 | AN9: 167.62 | AO9: 167.92 | AP9: 165.84 | AQ9: 167.5 | AR9: 167.48 | AS9: 168.17 | AT9: 167.32 | AU9: 165.92 | AV9: 162.23 | AW9: 161.38 | AX9: 161.55 | AY9: 161.28 | AZ9: 159.77 | BA9: 161.1 | BB9: 157.72 | BC9: 155.4 | BD9: 156.66 | BE9: 154.96 | BF9: 155.51 | BG9: 151.54 | BH9: 151.26 | BI9: 151.32 | BJ9: 149.27 | BK9: 152.75 | BL9: 154.36 | BM9: 153.1 | BN9: 155.03 | BO9: 154.26 | BP9: 153.11 | BQ9: 156.36 | BR9: 155.26 | BS9: 154.58 | BT9: 154.35 | BU9: 151.22 | BV9: 150.98 | BW9: 150.96 | BX9: 152.94 | BY9: 142.93 | BZ9: 137.1 | CA9: 135.15 | CB9: 131.84 | CC9: 141.8 | CD9: 135.98 | CE9: 137.35 | CF9: 138.89 | CG9: 139.33 | CH9: 138.75 | CI9: 140.07 | CJ9: 137.78 | CK9: 141.26 | CL9: 142.69 | CM9: 144.93 | CN9: 144.65 | CO9: 145.3 | CP9: 145.89 | CQ9: 144.8 | CR9: 145.59 | CS9: 148.65 | CT9: 147.43 | CU9: 146.3 | CV9: 146.65 | CW9: 149.11 | CX9: 149.24 | CY9: 153.97 | CZ9: 154.33 | DA9: 152.86 | DB9: 154.04 | DC9: 154.96 | DD9: 154.27 | DE9: 154.14 | DF9: 149.63 | DG9: 149.37 | DH9: 148.91 | DI9: 152.71 | DJ9: 150.91 | DK9: 151.75 | DL9: 150.83 | DM9: 150.71 | DN9: 153.01 | DO9: 152.33 | DP9: 152.22 | DQ9: 154.58 | DR9: 155.89 | DS9: 157.32 | DT9: 156.63 | DU9: 156.2 | DV9: 153.47 | DW9: 154.2 | DX9: 152.68 | DY9: 153.51 | DZ9: 153.19 | EA9: 155.44 | EB9: 156.78 | EC9: 155.13 | ED9: 157.64 | EE9: 157.69 | EF9: 157.76 | EG9: 161.05 | EH9: 163.76 | EI9: 164.95 | EJ9: 162.41 | EK9: 163.9 | EL9: 165.16 | EM9: 166.68 | EN9: 164.96 | EO9: 165.43 | EP9: 161.48 | EQ9: 162.52 | ER9: 164.33 | ES9: 163.34 | ET9: 163.31 | EU9: 165.74 | EV9: 167.78 | EW9: 165.37 | EX9: 165.62 | EY9: 165.39 | EZ9: 164.29 | FA9: 162.19 | FB9: 160.39 | FC9: 157.1 | FD9: 159.84 | FE9: 160.99 | FF9: 161.1 | FG9: 160.76 | FH9: 161.07 | FI9: 160.84 | FJ9: 165.93 | FK9: 169.62 | FL9: 167.76 | FM9: 166.61 | FN9: 167.14 | FO9: 167.07 | FP9: 166.34 | FQ9: 166.33 | FR9: 173.5 | FS9: 172.1 | FT9: 173.07 | FU9: 174.53 | FV9: 174.08 | FW9: 174.07 | FX9: 173.15 | FY9: 173.01 | FZ9: 175.21 | GA9: 176 | GB9: 175.95 | GC9: 174.71 | GD9: 174.65 | GE9: 177.48 | GF9: 175.55 | GG9: 176.23 | GH9: 174.99 | GI9: 175.07 | GJ9: 178.94 | GK9: 176.9 | GL9: 177.46 | GM9: 177.35 | GN9: 176.86 | GO9: 175.1 | GP9: 176.66 | GQ9: 176.56 | GR9: 176.81 | GS9: 177.55 | GT9: 178.04 | GU9: 179.44 | GV9: 179.8 | GW9: 177.77 | GX9: 179.13 | GY9: 177.69 | GZ9: 172.34 | HA9: 176.09 | HB9: 179.5 | HC9: 180.84 | HD9: 176.83 | HE9: 176.53 | HF9: 180.11 | HG9: 179.34 | HH9: 177.71 | HI9: 179.31 | HJ9: 181.51 | HK9: 181.26 | HL9: 180.29 | HM9: 178 | HN9: 176.74 | HO9: 177.13 | HP9: 177.19 | HQ9: 174.85 | HR9: 176.95 | HS9: 174.56 | HT9: 175.79 | HU9: 177.15 | HV9: 177.83 | HW9: 177.69 | HX9: 174.41 | HY9: 174.67 | HZ9: 170.9 | IA9: 171.7 | IB9: 171.2 | IC9: 168.85 | ID9: 173.85 | IE9: 175.94 | IF9: 180.15 | IG9: 181.53 | IH9: 182.23 | II9: 181.03 | IJ9: 180.29 | IK9: 183.63 | IL9: 183.97 | IM9: 183.77 | IN9: 183.52 | IO9: 184.11 | IP9: 187.68 | IQ9: 189.45 | IR9: 187.43 | IS9: 186.67 | IT9: 184.41 | IU9: 183.65 | IV9: 184.42 | IW9: 184.45
A10: #VALUE! | B10: {=_FV(A10,"ticker symbol",TRUE)} -> IWO | C10: {=_FV(A10,"Name")} -> iShares:Russ 2000 Gr | D10: {=TRANSPOSE(_xlfn.STOCKHISTORY(B10, WORKDAY(TODAY(), -265), TODAY(), 0, 0, 1))} -> 306.26 | E10: 301.73 | F10: 289.01 | G10: 287.9 | H10: 290.85 | I10: 289.81 | J10: 292.69 | K10: 296.17 | L10: 290.94 | M10: 288.33 | N10: 287.82 | O10: 288.8 | P10: 294.78 | Q10: 295.17 | R10: 293.02 | S10: 291.25 | T10: 284.84 | U10: 284.37 | V10: 286.7 | W10: 292.61 | X10: 293.41 | Y10: 294.66 | Z10: 301.78 | AA10: 300.98 | AB10: 302.92 | AC10: 300.73 | AD10: 294.78 | AE10: 296.57 | AF10: 296.18 | AG10: 299.67 | AH10: 296.91 | AI10: 294.01 | AJ10: 297.55 | AK10: 301.21 | AL10: 299.53 | AM10: 296.2 | AN10: 297.57 | AO10: 293.74 | AP10: 292.13 | AQ10: 295.67 | AR10: 295.57 | AS10: 297.31 | AT10: 296.62 | AU10: 293.76 | AV10: 283.19 | AW10: 280.5 | AX10: 278.21 | AY10: 279.3 | AZ10: 273.56 | BA10: 276.8 | BB10: 267.6 | BC10: 265.67 | BD10: 268.98 | BE10: 263.23 | BF10: 264.3 | BG10: 257.55 | BH10: 258.62 | BI10: 259.08 | BJ10: 254.58 | BK10: 261.24 | BL10: 264.74 | BM10: 261.28 | BN10: 266.32 | BO10: 264.26 | BP10: 262.96 | BQ10: 270.57 | BR10: 269.43 | BS10: 264.82 | BT10: 263.14 | BU10: 257.6 | BV10: 255.53 | BW10: 255.66 | BX10: 260.51 | BY10: 243.75 | BZ10: 232.32 | CA10: 230.8 | CB10: 224.16 | CC10: 245.49 | CD10: 235.53 | CE10: 239.98 | CF10: 242.51 | CG10: 242.55 | CH10: 239.16 | CI10: 240.86 | CJ10: 234.76 | CK10: 241.05 | CL10: 245.89 | CM10: 251.66 | CN10: 252.41 | CO10: 253.28 | CP10: 255.04 | CQ10: 253.55 | CR10: 255.32 | CS10: 261.57 | CT10: 259.99 | CU10: 256.27 | CV10: 257.19 | CW10: 262.46 | CX10: 261.67 | CY10: 271.6 | CZ10: 272.95 | DA10: 271.11 | DB10: 271.98 | DC10: 275.16 | DD10: 273.97 | DE10: 274.71 | DF10: 267.07 | DG10: 267.23 | DH10: 266.73 | DI10: 273.06 | DJ10: 270.59 | DK10: 270.8 | DL10: 269.62 | DM10: 271.72 | DN10: 276.33 | DO10: 275.8 | DP10: 276.21 | DQ10: 280.58 | DR10: 281.89 | DS10: 282.71 | DT10: 281.96 | DU10: 280.53 | DV10: 274.97 | DW10: 278.33 | DX10: 275.32 | DY10: 276.84 | DZ10: 276.15 | EA10: 278.91 | EB10: 283.6 | EC10: 280.1 | ED10: 284.6 | EE10: 285.01 | EF10: 285.86 | EG10: 285.23 | EH10: 288.53 | EI10: 292.05 | EJ10: 287.8 | EK10: 289.13 | EL10: 292.94 | EM10: 293.25 | EN10: 288.65 | EO10: 291.33 | EP10: 287.06 | EQ10: 290.82 | ER10: 294.86 | ES10: 292.76 | ET10: 290.47 | EU10: 291.02 | EV10: 296.16 | EW10: 292.77 | EX10: 294 | EY10: 293.92 | EZ10: 291.95 | FA10: 292.91 | FB10: 290.15 | FC10: 284.45 | FD10: 291.64 | FE10: 292.98 | FF10: 291.82 | FG10: 291.06 | FH10: 291.54 | FI10: 291.73 | FJ10: 299.54 | FK10: 304.81 | FL10: 300.45 | FM10: 299.36 | FN10: 300.81 | FO10: 296.6 | FP10: 295.62 | FQ10: 297.12 | FR10: 307.28 | FS10: 304.02 | FT10: 306.67 | FU10: 308.59 | FV10: 310.32 | FW10: 307.7 | FX10: 305.9 | FY10: 305.54 | FZ10: 309.12 | GA10: 310.83 | GB10: 312.06 | GC10: 310.82 | GD10: 309.69 | GE10: 315.71 | GF10: 312.87 | GG10: 314.37 | GH10: 314.12 | GI10: 315.01 | GJ10: 323.85 | GK10: 322.41 | GL10: 324.95 | GM10: 324.07 | GN10: 319.38 | GO10: 316.12 | GP10: 319.19 | GQ10: 319.87 | GR10: 320.04 | GS10: 320.05 | GT10: 323.5 | GU10: 325.46 | GV10: 327.74 | GW10: 324.23 | GX10: 327.97 | GY10: 326.74 | GZ10: 317.33 | HA10: 327.49 | HB10: 330.34 | HC10: 335 | HD10: 327.87 | HE10: 324.03 | HF10: 330.33 | HG10: 329.03 | HH10: 322.26 | HI10: 327.18 | HJ10: 331.66 | HK10: 333.65 | HL10: 331.8 | HM10: 330.87 | HN10: 327.37 | HO10: 330.69 | HP10: 328.51 | HQ10: 321.18 | HR10: 326.9 | HS10: 319.9 | HT10: 321.04 | HU10: 324.96 | HV10: 324.14 | HW10: 322.82 | HX10: 310.75 | HY10: 312.12 | HZ10: 306.58 | IA10: 306.96 | IB10: 307.97 | IC10: 300.69 | ID10: 308.52 | IE10: 316.08 | IF10: 322.47 | IG10: 325.72 | IH10: 328.12 | II10: 322.28 | IJ10: 322.63 | IK10: 328.46 | IL10: 333.15 | IM10: 331.15 | IN10: 331.46 | IO10: 331.66 | IP10: 334.44 | IQ10: 339.33 | IR10: 332.92 | IS10: 329.04 | IT10: 327.47 | IU10: 321.75 | IV10: 324.28 | IW10: 329.61
A11: #VALUE! | B11: {=_FV(A11,"ticker symbol",TRUE)} -> XLC | C11: {=_FV(A11,"Name")} -> Sel Sctr:ComS SS SPDR | D11: {=TRANSPOSE(_xlfn.STOCKHISTORY(B11, WORKDAY(TODAY(), -265), TODAY(), 0, 0, 1))} -> 101.33 | E11: 100.57 | F11: 97.7 | G11: 97.43 | H11: 97.96 | I11: 98.24 | J11: 99.17 | K11: 99.04 | L11: 98.16 | M11: 97.13 | N11: 96.81 | O11: 97.28 | P11: 97.88 | Q11: 98.94 | R11: 97.84 | S11: 97.26 | T11: 95.81 | U11: 95.85 | V11: 95.53 | W11: 97.1 | X11: 96.55 | Y11: 97.39 | Z11: 98.27 | AA11: 99.25 | AB11: 99.51 | AC11: 100.41 | AD11: 100.93 | AE11: 101.42 | AF11: 101.87 | AG11: 101.97 | AH11: 102.38 | AI11: 102.6 | AJ11: 103.52 | AK11: 102.52 | AL11: 102.96 | AM11: 102.74 | AN11: 103.2 | AO11: 103.37 | AP11: 103.48 | AQ11: 104.67 | AR11: 105.31 | AS11: 104.82 | AT11: 104.94 | AU11: 104.45 | AV11: 103.02 | AW11: 103.22 | AX11: 101.69 | AY11: 101.51 | AZ11: 100.53 | BA11: 102 | BB11: 100.98 | BC11: 100.18 | BD11: 101.47 | BE11: 99.65 | BF11: 100.29 | BG11: 97.79 | BH11: 96.35 | BI11: 96.83 | BJ11: 94.84 | BK11: 96.58 | BL11: 97.27 | BM11: 95.91 | BN11: 97.05 | BO11: 96.84 | BP11: 97.6 | BQ11: 98.69 | BR11: 99.94 | BS11: 99.09 | BT11: 98.65 | BU11: 95.74 | BV11: 96.45 | BW11: 96.51 | BX11: 96.85 | BY11: 92.53 | BZ11: 87.23 | CA11: 87.35 | CB11: 86.13 | CC11: 93.74 | CD11: 90.5 | CE11: 91.27 | CF11: 91.88 | CG11: 92.11 | CH11: 89.63 | CI11: 90.21 | CJ11: 88.18 | CK11: 90.48 | CL11: 91.93 | CM11: 93.77 | CN11: 94.36 | CO11: 94.72 | CP11: 95.41 | CQ11: 95.44 | CR11: 95.93 | CS11: 97.42 | CT11: 97.65 | CU11: 97.63 | CV11: 97.45 | CW11: 97.68 | CX11: 97.18 | CY11: 99.2 | CZ11: 100.17 | DA11: 100.69 | DB11: 101.09 | DC11: 101.78 | DD11: 101.88 | DE11: 101.63 | DF11: 100.87 | DG11: 100.65 | DH11: 100.19 | DI11: 101.82 | DJ11: 101.8 | DK11: 100.98 | DL11: 101.4 | DM11: 101.9 | DN11: 101.61 | DO11: 102.26 | DP11: 102.4 | DQ11: 103.71 | DR11: 103.41 | DS11: 104.72 | DT11: 104.48 | DU11: 103.63 | DV11: 102.58 | DW11: 104.34 | DX11: 103.42 | DY11: 103.47 | DZ11: 102.84 | EA11: 103.89 | EB11: 105.23 | EC11: 105.21 | ED11: 106.43 | EE11: 107.68 | EF11: 108.53 | EG11: 107.76 | EH11: 107.45 | EI11: 108.04 | EJ11: 107 | EK11: 106.78 | EL11: 107.06 | EM11: 106.7 | EN11: 106.01 | EO11: 107.05 | EP11: 105.99 | EQ11: 106.31 | ER11: 106.68 | ES11: 106.19 | ET11: 107.61 | EU11: 107.86 | EV11: 108.45 | EW11: 108.63 | EX11: 107.62 | EY11: 107.04 | EZ11: 106.12 | FA11: 106.45 | FB11: 107.41 | FC11: 106.12 | FD11: 108.16 | FE11: 107.32 | FF11: 107.73 | FG11: 107.27 | FH11: 107.63 | FI11: 108.18 | FJ11: 110.25 | FK11: 111.11 | FL11: 111.2 | FM11: 111.48 | FN11: 110.8 | FO11: 110.18 | FP11: 109.85 | FQ11: 109.73 | FR11: 111.31 | FS11: 111.49 | FT11: 111 | FU11: 111.19 | FV11: 111.61 | FW11: 111.39 | FX11: 111.2 | FY11: 113.06 | FZ11: 114.08 | GA11: 114.69 | GB11: 114.82 | GC11: 115.47 | GD11: 114.62 | GE11: 116.38 | GF11: 117.35 | GG11: 119 | GH11: 118.52 | GI11: 118.83 | GJ11: 118.92 | GK11: 119.41 | GL11: 118.58 | GM11: 118.41 | GN11: 117.43 | GO11: 117.03 | GP11: 118.17 | GQ11: 118.55 | GR11: 118.37 | GS11: 116.71 | GT11: 116.45 | GU11: 116.39 | GV11: 116.51 | GW11: 116.06 | GX11: 115.58 | GY11: 114.92 | GZ11: 112.8 | HA11: 113.84 | HB11: 114.59 | HC11: 115.4 | HD11: 114.17 | HE11: 114.94 | HF11: 116.24 | HG11: 116.65 | HH11: 115.64 | HI11: 115.25 | HJ11: 115.55 | HK11: 117.16 | HL11: 116.58 | HM11: 116.29 | HN11: 114.32 | HO11: 114.81 | HP11: 113.59 | HQ11: 112.81 | HR11: 113.42 | HS11: 112.4 | HT11: 112.11 | HU11: 113.28 | HV11: 114.2 | HW11: 113.54 | HX11: 111.93 | HY11: 111.33 | HZ11: 111.18 | IA11: 111.81 | IB11: 111.19 | IC11: 109.97 | ID11: 111.9 | IE11: 113.01 | IF11: 114.3 | IG11: 114.46 | IH11: 115.39 | II11: 114.85 | IJ11: 115.23 | IK11: 115.13 | IL11: 115.79 | IM11: 117.13 | IN11: 116.26 | IO11: 116.39 | IP11: 117.07 | IQ11: 116.81 | IR11: 116.55 | IS11: 116.57 | IT11: 116.65 | IU11: 115.81 | IV11: 116.47 | IW11: 116.52
A12: #VALUE! | B12: {=_FV(A12,"ticker symbol",TRUE)} -> XLY | C12: {=_FV(A12,"Name")} -> Sel Sctr:C D SS SPDR In | D12: {=TRANSPOSE(_xlfn.STOCKHISTORY(B12, WORKDAY(TODAY(), -265), TODAY(), 0, 0, 1))} -> 238.68 | E12: 239.43 | F12: 228.64 | G12: 228.33 | H12: 228.91 | I12: 229.17 | J12: 234.47 | K12: 233.6 | L12: 229.74 | M12: 226.05 | N12: 224.35 | O12: 221.4 | P12: 225.88 | Q12: 226.77 | R12: 222.38 | S12: 223.01 | T12: 220.82 | U12: 222.07 | V12: 221.64 | W12: 227.28 | X12: 226.05 | Y12: 229.22 | Z12: 230.9 | AA12: 230.03 | AB12: 231.42 | AC12: 230.01 | AD12: 231.32 | AE12: 231.6 | AF12: 230.94 | AG12: 233.2 | AH12: 232.17 | AI12: 229.1 | AJ12: 231.8 | AK12: 229.17 | AL12: 230.08 | AM12: 225.58 | AN12: 226.35 | AO12: 223.78 | AP12: 223.74 | AQ12: 227.1 | AR12: 227 | AS12: 226.37 | AT12: 226.24 | AU12: 224.29 | AV12: 218.39 | AW12: 217.57 | AX12: 216.43 | AY12: 215.54 | AZ12: 212.43 | BA12: 215.96 | BB12: 211.98 | BC12: 208.24 | BD12: 211.41 | BE12: 206.05 | BF12: 205.67 | BG12: 198.33 | BH12: 196.39 | BI12: 197.53 | BJ12: 192.6 | BK12: 196.7 | BL12: 197.01 | BM12: 193.5 | BN12: 197.21 | BO12: 196.74 | BP12: 197.45 | BQ12: 204.29 | BR12: 205.92 | BS12: 203.23 | BT12: 203.36 | BU12: 197.04 | BV12: 197.46 | BW12: 199.52 | BX12: 203.31 | BY12: 191.03 | BZ12: 182.79 | CA12: 180.63 | CB12: 176.34 | CC12: 195.54 | CD12: 187.9 | CE12: 189.72 | CF12: 190.27 | CG12: 188.9 | CH12: 184.24 | CI12: 185.4 | CJ12: 180.45 | CK12: 186.16 | CL12: 190.32 | CM12: 194.11 | CN12: 197.6 | CO12: 197.67 | CP12: 199.07 | CQ12: 197.26 | CR12: 198.35 | CS12: 201.43 | CT12: 199.29 | CU12: 197.55 | CV12: 199.09 | CW12: 201.44 | CX12: 202.41 | CY12: 212.47 | CZ12: 215.28 | DA12: 216.11 | DB12: 215.63 | DC12: 217.67 | DD12: 217.16 | DE12: 216.03 | DF12: 211.65 | DG12: 212.56 | DH12: 210.65 | DI12: 216.87 | DJ12: 214.88 | DK12: 214.97 | DL12: 213.8 | DM12: 214.3 | DN12: 215.44 | DO12: 214.87 | DP12: 209.45 | DQ12: 212.17 | DR12: 213.87 | DS12: 216.43 | DT12: 214.72 | DU12: 213.71 | DV12: 211.74 | DW12: 214.02 | DX12: 210.33 | DY12: 210.43 | DZ12: 210.68 | EA12: 214.4 | EB12: 215.59 | EC12: 213.05 | ED12: 215.01 | EE12: 218.59 | EF12: 217.33 | EG12: 218.26 | EH12: 220.01 | EI12: 221.21 | EJ12: 218.4 | EK12: 217.66 | EL12: 218.95 | EM12: 221.37 | EN12: 221.43 | EO12: 222.25 | EP12: 219.07 | EQ12: 219.47 | ER12: 220.22 | ES12: 222.17 | ET12: 223.22 | EU12: 225.48 | EV12: 226.55 | EW12: 222.8 | EX12: 224.87 | EY12: 226.18 | EZ12: 224.62 | FA12: 223.2 | FB12: 221.43 | FC12: 216.09 | FD12: 218.63 | FE12: 218.91 | FF12: 223.46 | FG12: 223.39 | FH12: 223.78 | FI12: 224.36 | FJ12: 226.74 | FK12: 229.85 | FL12: 229.59 | FM12: 229.04 | FN12: 229.96 | FO12: 229.85 | FP12: 227.58 | FQ12: 226.23 | FR12: 233.1 | FS12: 232.63 | FT12: 233.7 | FU12: 233.75 | FV12: 234.15 | FW12: 231.74 | FX12: 230.01 | FY12: 230.94 | FZ12: 235.16 | GA12: 235.11 | GB12: 236.02 | GC12: 235.69 | GD12: 232.87 | GE12: 237.4 | GF12: 238.63 | GG12: 240.7 | GH12: 242.18 | GI12: 241.57 | GJ12: 240.48 | GK12: 241.39 | GL12: 240.18 | GM12: 237.92 | GN12: 239.6 | GO12: 236.22 | GP12: 239.71 | GQ12: 240.76 | GR12: 239.64 | GS12: 241.14 | GT12: 239.4 | GU12: 237.86 | GV12: 239.9 | GW12: 235.7 | GX12: 236.4 | GY12: 235.22 | GZ12: 228.75 | HA12: 233.86 | HB12: 234.35 | HC12: 234.69 | HD12: 232.42 | HE12: 234.42 | HF12: 236.28 | HG12: 239.17 | HH12: 237.3 | HI12: 238.37 | HJ12: 237.66 | HK12: 241.08 | HL12: 241.14 | HM12: 239.15 | HN12: 233.75 | HO12: 239.93 | HP12: 242.18 | HQ12: 238.16 | HR12: 241.06 | HS12: 235.49 | HT12: 235.86 | HU12: 238.96 | HV12: 239.55 | HW12: 237.94 | HX12: 232 | HY12: 230.89 | HZ12: 228.72 | IA12: 224.5 | IB12: 224.51 | IC12: 221.16 | ID12: 225.5 | IE12: 228.51 | IF12: 233.4 | IG12: 235 | IH12: 236.46 | II12: 236.6 | IJ12: 118.22 | IK12: 119.495 | IL12: 119.07 | IM12: 119.73 | IN12: 117.99 | IO12: 117.98 | IP12: 119.71 | IQ12: 120.18 | IR12: 120.7 | IS12: 121.73 | IT12: 121.93 | IU12: 120.52 | IV12: 122.34 | IW12: 121.85
... A106: #VALUE! | B106: {=_FV(A106,"ticker symbol",TRUE)} -> CPER | C106: {=_FV(A106,"Name")} -> United States Copper Idx | D106: {=TRANSPOSE(_xlfn.STOCKHISTORY(B106, WORKDAY(TODAY(), -265), TODAY(), 0, 0, 1))} -> 26.14 | E106: 25.89 | F106: 25.63 | G106: 25.52 | H106: 25.62 | I106: 25.59 | J106: 25.66 | K106: 25.89 | L106: 25.79 | M106: 25.63 | N106: 25.16 | O106: 25.32 | P106: 25.55 | Q106: 26 | R106: 26.21 | S106: 26.74 | T106: 26.89 | U106: 27.08 | V106: 27.24 | W106: 27.6 | X106: 27.75 | Y106: 27.25 | Z106: 27.23 | AA106: 27 | AB106: 27.13 | AC106: 27.15 | AD106: 26.63 | AE106: 26.69 | AF106: 26.9 | AG106: 27.17 | AH106: 26.85 | AI106: 27.16 | AJ106: 27.48 | AK106: 27.93 | AL106: 28.09 | AM106: 28.9 | AN106: 29.5 | AO106: 28.88 | AP106: 29.58 | AQ106: 30.16 | AR106: 29.27 | AS106: 28.84 | AT106: 28.81 | AU106: 29.07 | AV106: 28.6 | AW106: 28.4 | AX106: 28.36 | AY106: 28.6 | AZ106: 28.69 | BA106: 28.38 | BB106: 28.57 | BC106: 28.49 | BD106: 30.08 | BE106: 29.9 | BF106: 29.48 | BG106: 29.08 | BH106: 29.9 | BI106: 30.22 | BJ106: 30.78 | BK106: 30.46 | BL106: 31.08 | BM106: 31.32 | BN106: 32 | BO106: 31.99 | BP106: 31.9 | BQ106: 31.84 | BR106: 32.68 | BS106: 32.75 | BT106: 31.96 | BU106: 31.95 | BV106: 31.6 | BW106: 31.52 | BX106: 31.53 | BY106: 30.07 | BZ106: 27.52 | CA106: 26.68 | CB106: 25.72 | CC106: 27.74 | CD106: 27.49 | CE106: 28.51 | CF106: 29.4 | CG106: 29.01 | CH106: 29.32 | CI106: 29.47 | CJ106: 29.79 | CK106: 30.38 | CL106: 30.37 | CM106: 30.61 | CN106: 30.38 | CO106: 30.44 | CP106: 30.18 | CQ106: 28.54 | CR106: 28.82 | CS106: 29.1 | CT106: 29.24 | CU106: 29.66 | CV106: 28.74 | CW106: 28.58 | CX106: 28.94 | CY106: 28.92 | CZ106: 29.41 | DA106: 29 | DB106: 29.27 | DC106: 28.61 | DD106: 29.09 | DE106: 29.24 | DF106: 29.21 | DG106: 29.23 | DH106: 30.39 | DI106: 29.65 | DJ106: 29.21 | DK106: 29.16 | DL106: 29.36 | DM106: 30.37 | DN106: 30.39 | DO106: 30.51 | DP106: 30.76 | DQ106: 30.23 | DR106: 30.68 | DS106: 30.7 | DT106: 30.02 | DU106: 30.26 | DV106: 29.77 | DW106: 30.2 | DX106: 29.96 | DY106: 30.35 | DZ106: 30.29 | EA106: 30.65 | EB106: 30.69 | EC106: 30.86 | ED106: 31.7 | EE106: 31.67 | EF106: 31.64 | EG106: 31.57 | EH106: 32.24 | EI106: 31.91 | EJ106: 31.15 | EK106: 33.77 | EL106: 34.3 | EM106: 34.8 | EN106: 34.51 | EO106: 34.28 | EP106: 34.31 | EQ106: 34.18 | ER106: 34.15 | ES106: 34.66 | ET106: 34.94 | EU106: 35.5 | EV106: 36.1 | EW106: 36.17 | EX106: 35.84 | EY106: 34.79 | EZ106: 35 | FA106: 28.24 | FB106: 27.45 | FC106: 27.57 | FD106: 27.72 | FE106: 27.21 | FF106: 27.46 | FG106: 27.48 | FH106: 27.77 | FI106: 27.69 | FJ106: 28.06 | FK106: 27.95 | FL106: 27.99 | FM106: 27.92 | FN106: 27.84 | FO106: 27.57 | FP106: 27.66 | FQ106: 27.77 | FR106: 27.77 | FS106: 27.86 | FT106: 27.93 | FU106: 27.66 | FV106: 27.93 | FW106: 28.13 | FX106: 28.49 | FY106: 28.36 | FZ106: 28.08 | GA106: 27.94 | GB106: 28.03 | GC106: 28.13 | GD106: 28.33 | GE106: 28.8 | GF106: 28.6 | GG106: 29.03 | GH106: 28.95 | GI106: 28.42 | GJ106: 28.34 | GK106: 28.58 | GL106: 28.62 | GM106: 28.62 | GN106: 29.7 | GO106: 29.51 | GP106: 29.37 | GQ106: 30.29 | GR106: 30 | GS106: 30.15 | GT106: 30.56 | GU106: 31.32 | GV106: 31.13 | GW106: 31.3 | GX106: 31.38 | GY106: 31.67 | GZ106: 30.27 | HA106: 31.59 | HB106: 30.85 | HC106: 30.74 | HD106: 30.84 | HE106: 30.82 | HF106: 31.23 | HG106: 30.54 | HH106: 30.97 | HI106: 31.41 | HJ106: 31.59 | HK106: 31.9 | HL106: 31.99 | HM106: 32.2 | HN106: 31.57 | HO106: 31.53 | HP106: 31.28 | HQ106: 30.53 | HR106: 30.88 | HS106: 30.83 | HT106: 30.67 | HU106: 31.61 | HV106: 31.34 | HW106: 31.5 | HX106: 31.26 | HY106: 31.32 | HZ106: 30.91 | IA106: 30.8 | IB106: 31.13 | IC106: 30.77 | ID106: 31.07 | IE106: 31.11 | IF106: 31.18 | IG106: 31.84 | IH106: 32.28 | II106: 32.29 | IJ106: 32.14 | IK106: 33.03 | IL106: 32.84 | IM106: 33.35 | IN106: 33.24 | IO106: 32.65 | IP106: 33.07 | IQ106: 33.61 | IR106: 32.83 | IS106: 33.15 | IT106: 32.89 | IU106: 33.23 | IV106: 33.26 | IW106: 33.6
A107: #VALUE! | B107: {=_FV(A107,"ticker symbol",TRUE)} -> CATL | C107: {=_FV(A107,"Name")} -> WT Live Cattle | D107: {=TRANSPOSE(_xlfn.STOCKHISTORY(B107, WORKDAY(TODAY(), -265), TODAY(), 0, 0, 1))} -> #N/A | E107: #N/A | F107: #N/A | G107: #N/A | H107: 13.16 | I107: #N/A | J107: #N/A | K107: 11.31 | L107: #N/A | M107: 13 | N107: 12.08 | O107: 12.1 | P107: 12.05 | Q107: 12.25 | R107: 14.42 | S107: #N/A | T107: 13.35 | U107: 14 | V107: 14.5 | W107: 14 | X107: 13.75 | Y107: 14.32 | Z107: 14.64 | AA107: 13.47 | AB107: 12.85 | AC107: 12.775 | AD107: 13.3 | AE107: 13.21 | AF107: 13.05 | AG107: 12.7 | AH107: 12.94 | AI107: 13.16 | AJ107: 13.37 | AK107: 13.52 | AL107: 13.25 | AM107: 13.2 | AN107: 13.2 | AO107: 12.892 | AP107: 12.85 | AQ107: 12.93 | AR107: 13.505 | AS107: 13.2 | AT107: 13.28 | AU107: 13.01 | AV107: 13.11 | AW107: 13.61 | AX107: 13.31 | AY107: 13.56 | AZ107: 13.36 | BA107: 13.82 | BB107: 13.83 | BC107: 13.79 | BD107: 13.6 | BE107: 13.83 | BF107: 13.87 | BG107: 15.08 | BH107: 15.39 | BI107: 16.2 | BJ107: 16.19 | BK107: 16.5 | BL107: 16.42 | BM107: 16.11 | BN107: 16.2 | BO107: 17.04 | BP107: 17.12 | BQ107: 17.65 | BR107: 18.315 | BS107: 18.38 | BT107: 19.5 | BU107: 19.75 | BV107: 19.18 | BW107: 19.08 | BX107: 18.63 | BY107: 18.64 | BZ107: 16.7 | CA107: 17.45 | CB107: 17.01 | CC107: 17.3 | CD107: 17.15 | CE107: 17.08 | CF107: 17.05 | CG107: 17.35 | CH107: 17.44 | CI107: 17.25 | CJ107: 17.8 | CK107: 18.23 | CL107: 18.16 | CM107: 18.25 | CN107: 18.35 | CO107: 17.96 | CP107: 17.8 | CQ107: 17.51 | CR107: 17.69 | CS107: 17.66 | CT107: 17.85 | CU107: 17.59 | CV107: 17.44 | CW107: 17.63 | CX107: 18.04 | CY107: 17.02 | CZ107: 16.69 | DA107: 16.1 | DB107: 16.33 | DC107: 15.13 | DD107: 15.11 | DE107: 15.045 | DF107: 15 | DG107: 15.1 | DH107: 15.2 | DI107: 15.57 | DJ107: 15.31 | DK107: 15.28 | DL107: 15.55 | DM107: 15.6 | DN107: 16.17 | DO107: 15.9 | DP107: 16.13 | DQ107: 16.38 | DR107: 16.3 | DS107: 16.58 | DT107: 16.32 | DU107: 16.25 | DV107: 15.9 | DW107: 16.3
A108: #VALUE! | B108: {=_FV(A108,"ticker symbol",TRUE)} -> HOGS | C108: {=_FV(A108,"Name")} -> ETFS LEAN HOGS ETC | D108: {=TRANSPOSE(_xlfn.STOCKHISTORY(B108, WORKDAY(TODAY(), -265), TODAY(), 0, 0, 1))} -> 30.52 | E108: 30.06 | F108: 30.065 | G108: 30.58 | H108: 30.885 | I108: 30.61 | J108: 30.645 | K108: 29.685 | L108: 29.735 | M108: 29.51 | N108: 29.01 | O108: 28.95 | P108: 28.895 | Q108: 30.065 | R108: 30.48 | S108: 31.095 | T108: 30.95 | U108: 31.295 | V108: 31.085 | W108: 30.58 | X108: 29.99 | Y108: 29.715 | Z108: 29.285 | AA108: 29.535 | AB108: 29.465 | AC108: 30.3 | AD108: 30.87 | AE108: 31.225 | AF108: 31.48 | AG108: 30.8 | AH108: 29.87 | AI108: 30.575 | AJ108: 30.985 | AK108: 31.185 | AL108: 31.47 | AM108: 31.415 | AN108: 31.615 | AO108: 32.3 | AP108: 31.915 | AQ108: 31.525 | AR108: 31.325 | AS108: 32.03 | AT108: 31.125 | AU108: 30.125 | AV108: 29.87 | AW108: 29.76 | AX108: 29.3 | AY108: 29.385 | AZ108: 29.015 | BA108: 28.89 | BB108: 28.2 | BC108: 27.63 | BD108: 27.705 | BE108: 28.34 | BF108: 28.45 | BG108: 28.63 | BH108: 28.435 | BI108: 28.3 | BJ108: 28.18 | BK108: 27.79 | BL108: 28.545 | BM108: 27.86 | BN108: 27.835 | BO108: 27.77 | BP108: 28.66 | BQ108: 28.08 | BR108: 28.18 | BS108: 28.435 | BT108: 27.625 | BU108: 28.175 | BV108: 28.02 | BW108: 28.425 | BX108: 27.855 | BY108: 27.35 | BZ108: 26.33 | CA108: 25.78 | CB108: 26.11 | CC108: 25.96 | CD108: 26.365 | CE108: 26.01 | CF108: 26.15 | CG108: 26.795 | CH108: 27.12 | CI108: 27.21 | CJ108: 27.4 | CK108: 27.975 | CL108: 27.65 | CM108: 27.91 | CN108: 27.965 | CO108: 27.8 | CP108: 27.69 | CQ108: 27.625 | CR108: 27.8 | CS108: 27.225 | CT108: 27.25 | CU108: 27.37 | CV108: 27.315 | CW108: 28.295 | CX108: 28.125 | CY108: 28.04 | CZ108: 27.97 | DA108: 28.745 | DB108: 28.235 | DC108: 28.015 | DD108: 28.12 | DE108: 27.875 | DF108: 27.415 | DG108: 27.375 | DH108: 27.365 | DI108: 27.97 | DJ108: 27.95 | DK108: 28.265 | DL108: 28.22 | DM108: 28.515 | DN108: 28.275 | DO108: 28.245 | DP108: 28.585 | DQ108: 28.94 | DR108: 28.89 | DS108: 29.135 | DT108: 28.87 | DU108: 28.515 | DV108: 29.045 | DW108: 29.44 | DX108: 29.3 | DY108: 29.515 | DZ108: 29.375 | EA108: 29.51 | EB108: 28.985 | EC108: 28.915 | ED108: 28.65 | EE108: 28.185 | EF108: 27.72 | EG108: 27.47 | EH108: 27.59 | EI108: 27.585 | EJ108: 27.245 | EK108: 27.46 | EL108: 27.6 | EM108: 27.825 | EN108: 27.495 | EO108: 27.465 | EP108: 26.345 | EQ108: 26.175 | ER108: 26.5 | ES108: 27.32 | ET108: 27.05 | EU108: 26.905 | EV108: 27.08 | EW108: 26.755 | EX108: 27.075 | EY108: 26.84 | EZ108: 27.195 | FA108: 26.98 | FB108: 27.175 | FC108: 27.445 | FD108: 27.085 | FE108: 27.52 | FF108: 28.115 | FG108: 27.665 | FH108: 27.355 | FI108: 27.26 | FJ108: 27.695 | FK108: 27.69 | FL108: 27.31 | FM108: 26.795 | FN108: 27.16 | FO108: 27.095 | FP108: 26.975 | FQ108: 27.105 | FR108: 27.37 | FS108: 27.475 | FT108: 27.865 | FU108: 28.66 | FV108: 28.355 | FW108: 28.4 | FX108: 28.515 | FY108: 28.735 | FZ108: 28.345 | GA108: 28.655 | GB108: 28.905 | GC108: 28.575 | GD108: 28.68 | GE108: 28.96 | GF108: 29.12 | GG108: 29.24 | GH108: 29.04 | GI108: 28.74 | GJ108: 28.55 | GK108: 28.57 | GL108: 28.545 | GM108: 29.05 | GN108: 29.335 | GO108: 29.14 | GP108: 29.635 | GQ108: 29.965 | GR108: 29.83 | GS108: 29.42 | GT108: 29.065 | GU108: 28.615 | GV108: 28.625 | GW108: 28.57 | GX108: 28.61 | GY108: 28.765 | GZ108: 28.54 | HA108: 27.83 | HB108: 28.23 | HC108: 27.565 | HD108: 27.655 | HE108: 27.525 | HF108: 27.295 | HG108: 27.29 | HH108: 27.65 | HI108: 27.52 | HJ108: 27.48 | HK108: 27.37 | HL108: 27.095 | HM108: 26.88 | HN108: 26.78 | HO108: 27.065 | HP108: 27.335 | HQ108: 26.965 | HR108: 27.135 | HS108: 26.935 | HT108: 26.555 | HU108: 26.34 | HV108: 26.86 | HW108: 27.705 | HX108: 27.295 | HY108: 26.205 | HZ108: 26.26 | IA108: 26.48 | IB108: 26.055 | IC108: 26.31 | ID108: 26.605 | IE108: 26.12 | IF108: 26.18 | IG108: 26.27 | IH108: 26.825 | II108: 26.95 | IJ108: 27.095 | IK108: 26.79 | IL108: 26.575 | IM108: 26.76 | IN108: 26.95 | IO108: 27.245 | IP108: 27.17 | IQ108: 26.91 | IR108: 27.27 | IS108: 27.6 | IT108: 27.795 | IU108: 27.245 | IV108: 27.68 | IW108: 27.345 | IX108: 27.46 | IY108: 27.65
A109: #VALUE! | B109: {=_FV(A109,"ticker symbol",TRUE)} -> SLX | C109: {=_FV(A109,"Name")} -> VanEck:Steel | D109: {=TRANSPOSE(_xlfn.STOCKHISTORY(B109, WORKDAY(TODAY(), -265), TODAY(), 0, 0, 1))} -> 64.42 | E109: 63.78 | F109: 61.42 | G109: 60.66 | H109: 60.89 | I109: 58.7139 | J109: 59.1164 | K109: 59.0029 | L109: 58.28 | M109: 57.96 | N109: 58.46 | O109: 58.12 | P109: 57.7989 | Q109: 58.77 | R109: 58.62 | S109: 57.93 | T109: 57.59 | U109: 59.05 | V109: 59.6 | W109: 60.54 | X109: 60.37 | Y109: 60.71 | Z109: 61.47 | AA109: 60.39 | AB109: 60.91 | AC109: 61.42 | AD109: 61.01 | AE109: 61.14 | AF109: 61.5648 | AG109: 61.85 | AH109: 60.91 | AI109: 60.4 | AJ109: 61.47 | AK109: 61.86 | AL109: 62.6055 | AM109: 61.34 | AN109: 63.42 | AO109: 62.9061 | AP109: 62.21 | AQ109: 62.98 | AR109: 63.32 | AS109: 64.64 | AT109: 63.98 | AU109: 64.13 | AV109: 62.82 | AW109: 63.02 | AX109: 62.7 | AY109: 62.72 | AZ109: 62.34 | BA109: 62.24 | BB109: 61.32 | BC109: 60.61 | BD109: 62.75 | BE109: 62.7 | BF109: 62.52 | BG109: 60.47 | BH109: 61.27 | BI109: 61.21 | BJ109: 61.43 | BK109: 63.89 | BL109: 64.01 | BM109: 64.18 | BN109: 64.8 | BO109: 64.1753 | BP109: 62.89 | BQ109: 63.7621 | BR109: 64.27 | BS109: 63.99 | BT109: 63.67 | BU109: 61.87 | BV109: 61.5 | BW109: 61.53 | BX109: 61.91 | BY109: 57.58 | BZ109: 54.25 | CA109: 54.19 | CB109: 52.5 | CC109: 57.44 | CD109: 55.205 | CE109: 56.8025 | CF109: 56.87 | CG109: 56.74 | CH109: 56.36 | CI109: 56.99 | CJ109: 55.892 | CK109: 57.56 | CL109: 58.85 | CM109: 60.45 | CN109: 60.16 | CO109: 60.6 | CP109: 60.92 | CQ109: 60.13 | CR109: 60.55 | CS109: 62.51 | CT109: 61.8 | CU109: 61.7089 | CV109: 61.21 | CW109: 61.35 | CX109: 61.43 | CY109: 63.13 | CZ109: 63.79 | DA109: 63.45 | DB109: 63.2179 | DC109: 63.495 | DD109: 63.66 | DE109: 63.41 | DF109: 62.46 | DG109: 61.69 | DH109: 62.1824 | DI109: 63.6 | DJ109: 62.65 | DK109: 62.68 | DL109: 61.8739 | DM109: 63.75 | DN109: 64.3 | DO109: 64.3984 | DP109: 64.3329 | DQ109: 65.03 | DR109: 65.75 | DS109: 65.9657 | DT109: 64.96 | DU109: 64.8764 | DV109: 64.45 | DW109: 65.27 | DX109: 64.9633 | DY109: 64.81 | DZ109: 63.59 | EA109: 64.3 | EB109: 64.83 | EC109: 64.22 | ED109: 66.18 | EE109: 66.53 | EF109: 66.16 | EG109: 67.18 | EH109: 69.89 | EI109: 70.1938 | EJ109: 68.99 | EK109: 69.99 | EL109: 69.98 | EM109: 71.05 | EN109: 71.3802 | EO109: 70.37 | EP109: 69.36 | EQ109: 69.16 | ER109: 70.15 | ES109: 70.04 | ET109: 71.73 | EU109: 73.26 | EV109: 74.16 | EW109: 72.05 | EX109: 72.43 | EY109: 71.09 | EZ109: 70.61 | FA109: 69.69 | FB109: 68.06 | FC109: 66.97 | FD109: 66.73 | FE109: 67.37 | FF109: 66.9212 | FG109: 67.61 | FH109: 68.22 | FI109: 68.1 | FJ109: 70.16 | FK109: 71.21 | FL109: 70.05 | FM109: 69.57 | FN109: 69.47 | FO109: 69.294 | FP109: 68.58 | FQ109: 68.7214 | FR109: 71.0264 | FS109: 71.077 | FT109: 70.8353 | FU109: 71.0033 | FV109: 71.376 | FW109: 71.0925 | FX109: 69.9 | FY109: 69.72 | FZ109: 70.51 | GA109: 72.19 | GB109: 71.4884 | GC109: 70.21 | GD109: 71.13 | GE109: 72.2 | GF109: 71.5299 | GG109: 72.58 | GH109: 72.8483 | GI109: 72.2055 | GJ109: 72.3633 | GK109: 72.0571 | GL109: 72.31 | GM109: 71.86 | GN109: 71.895 | GO109: 71.93 | GP109: 72.69 | GQ109: 72.51 | GR109: 72.48 | GS109: 74.15 | GT109: 74.01 | GU109: 74.36 | GV109: 74.75 | GW109: 74.1174 | GX109: 75.735 | GY109: 74.91 | GZ109: 71.82 | HA109: 74.12 | HB109: 74.67 | HC109: 74.75 | HD109: 73.79 | HE109: 73.98 | HF109: 76.52 | HG109: 76.04 | HH109: 75.52 | HI109: 77.08 | HJ109: 77.86 | HK109: 78.92 | HL109: 79.84 | HM109: 80.51 | HN109: 78.95 | HO109: 79.36 | HP109: 78.94 | HQ109: 76.24 | HR109: 77.15 | HS109: 77.51 | HT109: 78.04 | HU109: 78.43 | HV109: 78.46 | HW109: 80.2598 | HX109: 78.8361 | HY109: 78.85 | HZ109: 77.4 | IA109: 77.25 | IB109: 77.034 | IC109: 75.8225 | ID109: 77.36 | IE109: 77.97 | IF109: 79.77 | IG109: 80.93 | IH109: 80.86 | II109: 81.09 | IJ109: 81.29 | IK109: 83.51 | IL109: 83.32 | IM109: 81.6912 | IN109: 81.35 | IO109: 81.5 | IP109: 83.87 | IQ109: 85.8 | IR109: 85.16 | IS109: 85.05 | IT109: 84.79 | IU109: 85.1 | IV109: 84.86 | IW109: 84.69
A110: #VALUE! | B110: {=_FV(A110,"ticker symbol",TRUE)} -> SOYB | C110: {=_FV(A110,"Name")} -> Teucrium:Soybean | D110: {=TRANSPOSE(_xlfn.STOCKHISTORY(B110, WORKDAY(TODAY(), -265), TODAY(), 0, 0, 1))} -> 20.96 | E110: 20.7434 | F110: 20.22 | G110: 20.46 | H110: 20.735 | I110: 20.72 | J110: 20.7601 | K110: 21.1446 | L110: 21.01 | M110: 21.0697 | N110: 21.48 | O110: 21.53 | P110: 21.07 | Q110: 21.19 | R110: 21.2 | S110: 21.13 | T110: 21.76 | U110: 22.25 | V110: 22.11 | W110: 22.04 | X110: 21.58 | Y110: 21.81 | Z110: 22.42 | AA110: 22.23 | AB110: 22.4 | AC110: 22.25 | AD110: 22.11 | AE110: 22.11 | AF110: 22.45 | AG110: 22.25 | AH110: 22.16 | AI110: 22.43 | AJ110: 22.74 | AK110: 22.49 | AL110: 22.55 | AM110: 22.28 | AN110: 22.27 | AO110: 22.27 | AP110: 21.94 | AQ110: 21.94 | AR110: 22.13 | AS110: 22.19 | AT110: 22.02 | AU110: 22.3 | AV110: 22.23 | AW110: 22.07 | AX110: 22.0548 | AY110: 21.91 | AZ110: 21.82 | BA110: 21.53 | BB110: 21.27 | BC110: 21.03 | BD110: 21.2 | BE110: 21.505 | BF110: 21.515 | BG110: 21.3 | BH110: 21.27 | BI110: 21.04 | BJ110: 21.22 | BK110: 21.465 | BL110: 21.43 | BM110: 21.34 | BN110: 21.22 | BO110: 21.285 | BP110: 21.16 | BQ110: 21.15 | BR110: 21.18 | BS110: 21.16 | BT110: 21.381 | BU110: 21.4802 | BV110: 21.34 | BW110: 21.75 | BX110: 21.6982 | BY110: 21.365 | BZ110: 20.73 | CA110: 20.7504 | CB110: 20.59 | CC110: 21.09 | CD110: 21.33 | CE110: 21.68 | CF110: 21.67 | CG110: 21.6079 | CH110: 21.71 | CI110: 21.622 | CJ110: 21.6 | CK110: 21.5809 | CL110: 21.695 | CM110: 21.8777 | CN110: 21.85 | CO110: 21.89 | CP110: 21.69 | CQ110: 21.47 | CR110: 21.63 | CS110: 21.75 | CT110: 21.62 | CU110: 21.49 | CV110: 21.52 | CW110: 21.61 | CX110: 21.7 | CY110: 22.22 | CZ110: 22.2655 | DA110: 22.22 | DB110: 21.775 | DC110: 21.72 | DD110: 21.8 | DE110: 21.919 | DF110: 22.075 | DG110: 22.1301 | DH110: 22.13 | DI110: 22.1103 | DJ110: 21.77 | DK110: 21.78 | DL110: 21.62 | DM110: 21.52 | DN110: 21.56 | DO110: 21.65 | DP110: 21.81 | DQ110: 21.99 | DR110: 21.83 | DS110: 21.86 | DT110: 21.77 | DU110: 21.69 | DV110: 22.29 | DW110: 22.38 | DX110: 22.56 | DY110: 22.49 | DZ110: 22.39 | EA110: 22.14 | EB110: 21.9501 | EC110: 21.575 | ED110: 21.5704 | EE110: 21.73 | EF110: 21.78 | EG110: 21.79 | EH110: 22.11 | EI110: 22.25 | EJ110: 21.65 | EK110: 21.58 | EL110: 21.4317 | EM110: 21.5497 | EN110: 21.46 | EO110: 21.45 | EP110: 21.3456 | EQ110: 21.6826 | ER110: 21.84 | ES110: 21.9844 | ET110: 21.864 | EU110: 21.88 | EV110: 21.84 | EW110: 21.85 | EX110: 21.7617 | EY110: 21.67 | EZ110: 21.533 | FA110: 21.35 | FB110: 21.214 | FC110: 21.21 | FD110: 21.3553 | FE110: 21.21 | FF110: 21.12 | FG110: 21.25 | FH110: 21.07 | FI110: 21.57 | FJ110: 21.974 | FK110: 22.07 | FL110: 21.87 | FM110: 22.18 | FN110: 22.13 | FO110: 21.97 | FP110: 22.02 | FQ110: 22.31 | FR110: 22.4 | FS110: 22.3 | FT110: 22.28 | FU110: 22.26 | FV110: 22.313 | FW110: 22.39 | FX110: 22.16 | FY110: 22.01 | FZ110: 22.05 | GA110: 21.92 | GB110: 22.09 | GC110: 22.02 | GD110: 21.92 | GE110: 22.11 | GF110: 22.32 | GG110: 22.25 | GH110: 22.4 | GI110: 22.25 | GJ110: 22.17 | GK110: 21.96 | GL110: 21.67 | GM110: 21.69 | GN110: 21.66 | GO110: 21.67 | GP110: 21.74 | GQ110: 21.68 | GR110: 21.46 | GS110: 21.73 | GT110: 21.88 | GU110: 21.79 | GV110: 21.78 | GW110: 21.84 | GX110: 21.92 | GY110: 21.84 | GZ110: 21.555 | HA110: 21.58 | HB110: 21.56 | HC110: 21.59 | HD110: 21.65 | HE110: 21.824 | HF110: 22.06 | HG110: 22.02 | HH110: 22.03 | HI110: 22.26 | HJ110: 22.254 | HK110: 22.64 | HL110: 22.85 | HM110: 22.8 | HN110: 22.97 | HO110: 23.14 | HP110: 23.47 | HQ110: 23.18 | HR110: 23.42 | HS110: 22.98 | HT110: 23.15 | HU110: 23.36 | HV110: 23.36 | HW110: 23.45 | HX110: 23.71 | HY110: 23.36 | HZ110: 23.8 | IA110: 23.73 | IB110: 23.47 | IC110: 23.34 | ID110: 23.38 | IE110: 23.32 | IF110: 23.35 | IG110: 23.47 | IH110: 23.6 | II110: 23.47 | IJ110: 23.43 | IK110: 23.28 | IL110: 23.3 | IM110: 23.03 | IN110: 22.87 | IO110: 22.73 | IP110: 22.78 | IQ110: 22.82 | IR110: 22.52 | IS110: 22.48 | IT110: 22.29 | IU110: 22.23 | IV110: 22.08 | IW110: 22.01
A111: #VALUE! | B111: {=_FV(A111,"ticker symbol",TRUE)} -> WEAT | C111: {=_FV(A111,"Name")} -> Teucrium:Wheat | D111: {=TRANSPOSE(_xlfn.STOCKHISTORY(B111, WORKDAY(TODAY(), -265), TODAY(), 0, 0, 1))} -> 24 | E111: 23.75 | F111: 23.7 | G111: 23.35 | H111: 23.3 | I111: 23.65 | J111: 23.5 | K111: 23.7 | L111: 23.95 | M111: 24.05 | N111: 24.1 | O111: 23.9 | P111: 23.35 | Q111: 23.85 | R111: 23.95 | S111: 23.6 | T111: 23.55 | U111: 24.1 | V111: 24.15 | W111: 24.1 | X111: 23.75 | Y111: 23.75 | Z111: 24.65 | AA111: 24.5 | AB111: 24.5 | AC111: 24.2 | AD111: 23.85 | AE111: 24.2 | AF111: 24.9 | AG111: 24.95 | AH111: 24.75 | AI111: 25 | AJ111: 25.45 | AK111: 25.25 | AL111: 25.85 | AM111: 25.6 | AN111: 25.5 | AO111: 25.5 | AP111: 25.35 | AQ111: 25.5 | AR111: 26.5 | AS111: 26.65 | AT111: 26.2 | AU111: 26 | AV111: 26.15 | AW111: 25.75 | AX111: 25.5 | AY111: 25.15 | AZ111: 24.5 | BA111: 24.15 | BB111: 23.8 | BC111: 23.5 | BD111: 23.95 | BE111: 24.15 | BF111: 24.05 | BG111: 24.5 | BH111: 24.25 | BI111: 24.25 | BJ111: 24.5 | BK111: 24.45 | BL111: 24.85 | BM111: 24.75 | BN111: 24.7 | BO111: 24.3 | BP111: 24.45 | BQ111: 24.05 | BR111: 23.9 | BS111: 23.45 | BT111: 23.35 | BU111: 23.1 | BV111: 23.4 | BW111: 23.6 | BX111: 23.5 | BY111: 23.45 | BZ111: 23.1 | CA111: 23.3 | CB111: 23.35 | CC111: 23.65 | CD111: 23.45 | CE111: 24.15 | CF111: 23.9 | CG111: 23.65 | CH111: 23.75 | CI111: 23.8 | CJ111: 23.45 | CK111: 23.35 | CL111: 23.15 | CM111: 23.1 | CN111: 23.2 | CO111: 22.65 | CP111: 22.4 | CQ111: 22.6 | CR111: 22.65 | CS111: 23.05 | CT111: 22.6 | CU111: 22.7 | CV111: 22.75 | CW111: 22.55 | CX111: 22.2 | CY111: 21.95 | CZ111: 22.05 | DA111: 22.25 | DB111: 22.55 | DC111: 22.35 | DD111: 22.5 | DE111: 23.05 | DF111: 23.15 | DG111: 23.2 | DH111: 23.1 | DI111: 22.55 | DJ111: 22.55 | DK111: 22.8 | DL111: 22.65 | DM111: 22.85 | DN111: 22.75 | DO111: 23.05 | DP111: 23.1 | DQ111: 23.4 | DR111: 23.05 | DS111: 22.7 | DT111: 22.7 | DU111: 22.45 | DV111: 23.1 | DW111: 22.8 | DX111: 23.3 | DY111: 24.2 | DZ111: 24 | EA111: 23.55 | EB111: 22.8 | EC111: 22.55 | ED111: 22.25 | EE111: 22.4 | EF111: 22.2 | EG111: 22.65 | EH111: 23.2 | EI111: 23.15 | EJ111: 22.7 | EK111: 22.65 | EL111: 22.6 | EM111: 22.9 | EN111: 22.5 | EO111: 22.45 | EP111: 22.3 | EQ111: 22.35 | ER111: 22.1 | ES111: 22.6 | ET111: 22.45 | EU111: 22.6 | EV111: 22.35 | EW111: 22.4 | EX111: 22.3 | EY111: 22.25 | EZ111: 21.95 | FA111: 21.8 | FB111: 21.75 | FC111: 21.5 | FD111: 21.55 | FE111: 21.25 | FF111: 21.25 | FG111: 21.65 | FH111: 21.5 | FI111: 21.45 | FJ111: 21.1 | FK111: 21.2 | FL111: 21 | FM111: 21.1 | FN111: 21.05 | FO111: 20.95 | FP111: 21.15 | FQ111: 21.15 | FR111: 21.1 | FS111: 21.2 | FT111: 21.25 | FU111: 21.1 | FV111: 21.2 | FW111: 21.4 | FX111: 21.1 | FY111: 20.85 | FZ111: 20.85 | GA111: 20.85 | GB111: 21 | GC111: 20.8 | GD111: 20.7 | GE111: 20.9 | GF111: 21 | GG111: 21.1 | GH111: 21.45 | GI111: 21.25 | GJ111: 21.1 | GK111: 21.05 | GL111: 20.6 | GM111: 21 | GN111: 20.9 | GO111: 21.15 | GP111: 20.95 | GQ111: 20.95 | GR111: 20.55 | GS111: 20.65 | GT111: 20.8 | GU111: 20.75 | GV111: 20.7 | GW111: 20.5 | GX111: 20.5 | GY111: 20.45 | GZ111: 20.2 | HA111: 20.15 | HB111: 20.2 | HC111: 20.15 | HD111: 20.25 | HE111: 20.25 | HF111: 20.4 | HG111: 20.15 | HH111: 20.2 | HI111: 20.55 | HJ111: 20.55 | HK111: 21.05 | HL111: 21.25 | HM111: 21.25 | HN111: 21 | HO111: 21.2 | HP111: 21.65 | HQ111: 21.75 | HR111: 21.85 | HS111: 21.3 | HT111: 20.95 | HU111: 21.3 | HV111: 21.45 | HW111: 21.45 | HX111: 21.45 | HY111: 21.05 | HZ111: 21.625 | IA111: 21.65 | IB111: 21.3 | IC111: 20.95 | ID111: 20.95 | IE111: 20.8 | IF111: 20.89 | IG111: 20.96 | IH111: 20.84 | II111: 20.74 | IJ111: 20.91 | IK111: 20.85 | IL111: 20.87 | IM111: 20.7 | IN111: 20.68 | IO111: 20.65 | IP111: 20.51 | IQ111: 20.67 | IR111: 20.53 | IS111: 20.25 | IT111: 19.93 | IU111: 19.88 | IV111: 19.94 | IW111: 19.98
A112: #VALUE! | B112: {=_FV(A112,"ticker symbol",TRUE)} -> DBC | C112: {=_FV(A112,"Name")} -> Invesco DB Cm Idx | D112: {=TRANSPOSE(_xlfn.STOCKHISTORY(B112, WORKDAY(TODAY(), -265), TODAY(), 0, 0, 1))} -> 22.23 | E112: 22.08 | F112: 21.88 | G112: 21.88 | H112: 22.02 | I112: 20.92 | J112: 21.04 | K112: 20.98 | L112: 21.08 | M112: 21.27 | N112: 21.38 | O112: 21.59 | P112: 21.48 | Q112: 21.52 | R112: 21.62 | S112: 21.58 | T112: 22.16 | U112: 22.32 | V112: 22.31 | W112: 22.67 | X112: 22.57 | Y112: 22.47 | Z112: 22.36 | AA112: 22.34 | AB112: 22.26 | AC112: 22.27 | AD112: 21.93 | AE112: 21.95 | AF112: 21.99 | AG112: 22.01 | AH112: 21.97 | AI112: 22.14 | AJ112: 22.2 | AK112: 22.06 | AL112: 22.07 | AM112: 22.08 | AN112: 22.4 | AO112: 22.57 | AP112: 22.32 | AQ112: 22.43 | AR112: 22.44 | AS112: 22.77 | AT112: 22.95 | AU112: 22.98 | AV112: 22.66 | AW112: 22.58 | AX112: 22.33 | AY112: 22.14 | AZ112: 22.17 | BA112: 22 | BB112: 21.86 | BC112: 21.93 | BD112: 21.87 | BE112: 21.76 | BF112: 21.95 | BG112: 21.81 | BH112: 21.93 | BI112: 21.93 | BJ112: 21.85 | BK112: 21.97 | BL112: 22.12 | BM112: 22.07 | BN112: 22.21 | BO112: 22.25 | BP112: 22.12 | BQ112: 22.2 | BR112: 22.23 | BS112: 22.2 | BT112: 22.26 | BU112: 22.19 | BV112: 22.5 | BW112: 22.51 | BX112: 22.65 | BY112: 21.74 | BZ112: 20.95 | CA112: 20.62 | CB112: 20.16 | CC112: 20.89 | CD112: 20.63 | CE112: 20.93 | CF112: 20.94 | CG112: 20.89 | CH112: 21.15 | CI112: 21.37 | CJ112: 21.19 | CK112: 21.29 | CL112: 21.13 | CM112: 21.32 | CN112: 21.35 | CO112: 21.23 | CP112: 20.96 | CQ112: 20.57 | CR112: 20.67 | CS112: 20.76 | CT112: 20.64 | CU112: 20.95 | CV112: 20.69 | CW112: 20.96 | CX112: 21.12 | CY112: 21.26 | CZ112: 21.59 | DA112: 21.48 | DB112: 21.27 | DC112: 21.19 | DD112: 21.16 | DE112: 21.43 | DF112: 21.4 | DG112: 21.29 | DH112: 21.41 | DI112: 21.22 | DJ112: 21.15 | DK112: 21.04 | DL112: 20.88 | DM112: 21.32 | DN112: 21.46 | DO112: 21.38 | DP112: 21.48 | DQ112: 21.65 | DR112: 21.67 | DS112: 21.62 | DT112: 21.97 | DU112: 21.97 | DV112: 22.65 | DW112: 22.6 | DX112: 23.08 | DY112: 23.14 | DZ112: 23.26 | EA112: 22.4 | EB112: 21.86 | EC112: 21.83 | ED112: 21.91 | EE112: 21.8 | EF112: 21.81 | EG112: 21.93 | EH112: 22.29 | EI112: 22.28 | EJ112: 22.26 | EK112: 22.33 | EL112: 22.29 | EM112: 22.22 | EN112: 22.51 | EO112: 22.32 | EP112: 22.28 | EQ112: 22.31 | ER112: 22.49 | ES112: 22.53 | ET112: 22.48 | EU112: 22.44 | EV112: 22.38 | EW112: 22.4 | EX112: 22.17 | EY112: 22.4 | EZ112: 22.69 | FA112: 22.64 | FB112: 22.45 | FC112: 22.09 | FD112: 22.01 | FE112: 21.82 | FF112: 21.77 | FG112: 21.84 | FH112: 21.84 | FI112: 21.87 | FJ112: 21.78 | FK112: 21.75 | FL112: 21.84 | FM112: 21.77 | FN112: 21.79 | FO112: 21.62 | FP112: 21.86 | FQ112: 21.99 | FR112: 22.08 | FS112: 22.19 | FT112: 22.02 | FU112: 22.04 | FV112: 22.18 | FW112: 22.21 | FX112: 22.57 | FY112: 22.37 | FZ112: 22.21 | GA112: 22.03 | GB112: 22.18 | GC112: 22.24 | GD112: 22.39 | GE112: 22.22 | GF112: 22.35 | GG112: 22.55 | GH112: 22.78 | GI112: 22.54 | GJ112: 22.44 | GK112: 22.26 | GL112: 22.26 | GM112: 22.49 | GN112: 22.64 | GO112: 22.8 | GP112: 22.81 | GQ112: 22.62 | GR112: 22.53 | GS112: 22.49 | GT112: 22.34 | GU112: 22.41 | GV112: 22.64 | GW112: 22.73 | GX112: 22.76 | GY112: 22.55 | GZ112: 22.07 | HA112: 22.35 | HB112: 22.1 | HC112: 22.18 | HD112: 22.14 | HE112: 22.12 | HF112: 22.34 | HG112: 22.11 | HH112: 22.46 | HI112: 22.84 | HJ112: 22.85 | HK112: 22.8 | HL112: 22.59 | HM112: 22.71 | HN112: 22.72 | HO112: 22.88 | HP112: 23.05 | HQ112: 22.89 | HR112: 22.82 | HS112: 22.85 | HT112: 22.9 | HU112: 23.15 | HV112: 23.3 | HW112: 23.04 | HX112: 22.92 | HY112: 22.97 | HZ112: 22.94 | IA112: 23.13 | IB112: 22.9 | IC112: 22.68 | ID112: 22.53 | IE112: 22.64 | IF112: 22.52 | IG112: 22.76 | IH112: 23.06 | II112: 23.12 | IJ112: 23.02 | IK112: 23.13 | IL112: 23.19 | IM112: 23.33 | IN112: 23.04 | IO112: 22.99 | IP112: 23.13 | IQ112: 23.11 | IR112: 22.92 | IS112: 22.81 | IT112: 22.58 | IU112: 22.85 | IV112: 22.69 | IW112: 22.85
A113: #VALUE! | B113: {=_FV(A113,"ticker symbol",TRUE)} -> IEMG | C113: {=_FV(A113,"Name")} -> iShares:Core MSCI EmMkts | D113: {=TRANSPOSE(_xlfn.STOCKHISTORY(B113, WORKDAY(TODAY(), -265), TODAY(), 0, 0, 1))} -> 54.87 | E113: 53.51 | F113: 52.27 | G113: 52.51 | H113: 52.68 | I113: 52.98 | J113: 53.13 | K113: 52.95 | L113: 52.74 | M113: 52.31 | N113: 52.22 | O113: 52.13 | P113: 52.6 | Q113: 52.75 | R113: 52.39 | S113: 52.12 | T113: 51.19 | U113: 50.83 | V113: 51.38 | W113: 52.01 | X113: 51.98 | Y113: 52.38 | Z113: 52.92 | AA113: 52.93 | AB113: 53.13 | AC113: 53.35 | AD113: 52.39 | AE113: 52.78 | AF113: 52.8 | AG113: 53.63 | AH113: 52.99 | AI113: 52.67 | AJ113: 53.56 | AK113: 53.45 | AL113: 53.69 | AM113: 53.64 | AN113: 54.22 | AO113: 53.97 | AP113: 54.26 | AQ113: 54.57 | AR113: 54.94 | AS113: 55.3 | AT113: 55.19 | AU113: 55.72 | AV113: 55.52 | AW113: 54.73 | AX113: 54.76 | AY113: 55.24 | AZ113: 54.15 | BA113: 53.44 | BB113: 53.01 | BC113: 53.4 | BD113: 54.99 | BE113: 54.65 | BF113: 54.89 | BG113: 53.64 | BH113: 54.01 | BI113: 54.31 | BJ113: 54.05 | BK113: 55.03 | BL113: 55.94 | BM113: 55.69 | BN113: 55.76 | BO113: 55.27 | BP113: 55.08 | BQ113: 55.25 | BR113: 55.16 | BS113: 54.83 | BT113: 55.07 | BU113: 54.09 | BV113: 53.97 | BW113: 54.21 | BX113: 54.27 | BY113: 53.16 | BZ113: 50.26 | CA113: 48.48 | CB113: 47.74 | CC113: 51.04 | CD113: 50.15 | CE113: 51.66 | CF113: 52.14 | CG113: 52.1 | CH113: 51.51 | CI113: 51.97 | CJ113: 51.95 | CK113: 52.73 | CL113: 53.27 | CM113: 53.95 | CN113: 53.76 | CO113: 53.9 | CP113: 54.1 | CQ113: 54.17 | CR113: 54.14 | CS113: 55.71 | CT113: 56.16 | CU113: 55.88 | CV113: 55.24 | CW113: 55.17 | CX113: 55.53 | CY113: 56.75 | CZ113: 56.88 | DA113: 57.29 | DB113: 57.3 | DC113: 57.31 | DD113: 57.48 | DE113: 57.42 | DF113: 57.34 | DG113: 57.19 | DH113: 57.45 | DI113: 57.38 | DJ113: 57.12 | DK113: 57.42 | DL113: 56.69 | DM113: 57.16 | DN113: 57.26 | DO113: 57.97 | DP113: 58.25 | DQ113: 58.49 | DR113: 58.92 | DS113: 59.31 | DT113: 59.61 | DU113: 59.67 | DV113: 58.71 | DW113: 58.66 | DX113: 57.91 | DY113: 57.94 | DZ113: 57.57 | EA113: 58.05 | EB113: 59.51 | EC113: 59.55 | ED113: 59.96 | EE113: 59.75 | EF113: 60.03 | EG113: 60.09 | EH113: 60.32 | EI113: 60.62 | EJ113: 59.75 | EK113: 60.08 | EL113: 60.04 | EM113: 60.23 | EN113: 60.06 | EO113: 60.17 | EP113: 60.59 | EQ113: 60.83 | ER113: 61.18 | ES113: 61.05 | ET113: 61.42 | EU113: 61.38 | EV113: 62.03 | EW113: 61.7 | EX113: 61.5 | EY113: 61.03 | EZ113: 61.1 | FA113: 60.68 | FB113: 60.33 | FC113: 59.9 | FD113: 60.53 | FE113: 60.74 | FF113: 61 | FG113: 61.49 | FH113: 61.41 | FI113: 61.27 | FJ113: 62.05 | FK113: 62.7 | FL113: 61.97 | FM113: 62.12 | FN113: 62.5 | FO113: 62 | FP113: 61.86 | FQ113: 61.76 | FR113: 62.92 | FS113: 62.59 | FT113: 62.5 | FU113: 62.15 | FV113: 62.38 | FW113: 62.09 | FX113: 61.99 | FY113: 62.24 | FZ113: 62.04 | GA113: 62.78 | GB113: 63.34 | GC113: 63.57 | GD113: 64.02 | GE113: 64.81 | GF113: 64.79 | GG113: 65.24 | GH113: 65.73 | GI113: 65.99 | GJ113: 65.83 | GK113: 65.68 | GL113: 65.94 | GM113: 65.97 | GN113: 65.7 | GO113: 65.38 | GP113: 65.19 | GQ113: 65.7 | GR113: 65.92 | GS113: 66.44 | GT113: 66.75 | GU113: 66.93 | GV113: 67.21 | GW113: 66.73 | GX113: 67.23 | GY113: 66.6 | GZ113: 64.22 | HA113: 66.08 | HB113: 65.48 | HC113: 66.58 | HD113: 66.99 | HE113: 66.92 | HF113: 67.8 | HG113: 67.07 | HH113: 67.06 | HI113: 67.61 | HJ113: 68.04 | HK113: 68.79 | HL113: 68.77 | HM113: 69.14 | HN113: 68.39 | HO113: 68.27 | HP113: 68.73 | HQ113: 67.48 | HR113: 68.07 | HS113: 67.53 | HT113: 67.29 | HU113: 68.45 | HV113: 68.5 | HW113: 68.53 | HX113: 67.77 | HY113: 67.87 | HZ113: 67.07 | IA113: 66.7 | IB113: 66.5 | IC113: 65.64 | ID113: 65.58 | IE113: 66.25 | IF113: 66.46 | IG113: 66.93 | IH113: 67.1 | II113: 67.04 | IJ113: 67.04 | IK113: 67.1 | IL113: 67.07 | IM113: 67.43 | IN113: 67.35 | IO113: 67.28 | IP113: 67.93 | IQ113: 67.65 | IR113: 66.89 | IS113: 66.72 | IT113: 65.15 | IU113: 64.72 | IV113: 65.4 | IW113: 66.09
A114: #VALUE! | B114: {=_FV(A114,"ticker symbol",TRUE)} -> EUE | C114: {=_FV(A114,"Name")} -> iShs Cr EUR STXX 50 ETFEURD | D114: {=TRANSPOSE(_xlfn.STOCKHISTORY(B114, WORKDAY(TODAY(), -265), TODAY(), 0, 0, 1))} -> 50.22 | E114: 50.17 | F114: 50.36 | G114: 49.545 | H114: 49.365 | I114: 49.235 | J114: 49.68 | K114: 49.405 | L114: 49.93 | M114: 49.49 | N114: 50.68 | O114: 50.98 | P114: 50.79 | Q114: 51 | R114: 50.59 | S114: 50.34 | T114: 50.6 | U114: 51.21 | V114: 51.94 | W114: 52.37 | X114: 52.56 | Y114: 52.57 | Z114: 52.97 | AA114: 53.13 | AB114: 53.08 | AC114: 52.8 | AD114: 52.89 | AE114: 53.2 | AF114: 53.77 | AG114: 53.75 | AH114: 53.03 | AI114: 53.61 | AJ114: 53.65 | AK114: 54.52 | AL114: 54.11 | AM114: 54.6 | AN114: 54.87 | AO114: 55 | AP114: 55.81 | AQ114: 55.76 | AR114: 56.09 | AS114: 56.29 | AT114: 55.46 | AU114: 55.5 | AV114: 55.56 | AW114: 55.37 | AX114: 55.3 | AY114: 56.18 | AZ114: 55.6 | BA114: 55.52 | BB114: 56.32 | BC114: 54.73 | BD114: 55.88 | BE114: 56.08 | BF114: 55.51 | BG114: 54.68 | BH114: 53.94 | BI114: 54.46 | BJ114: 54.13 | BK114: 54.85 | BL114: 55.3 | BM114: 55.74 | BN114: 55.98 | BO114: 55.32 | BP114: 55.18 | BQ114: 55.05 | BR114: 55.68 | BS114: 55.01 | BT114: 54.69 | BU114: 54.2 | BV114: 53.43 | BW114: 54.13 | BX114: 53.9 | BY114: 52.02 | BZ114: 49.645 | CA114: 47.42 | CB114: 48.575 | CC114: 47.09 | CD114: 49.18 | CE114: 48.815 | CF114: 49.96 | CG114: 50.7 | CH114: 50.58 | CI114: 50.32 | CJ114: 50.69 | CK114: 52.03 | CL114: 52.28 | CM114: 52.73 | CN114: 52.85 | CO114: 52.83 | CP114: 52.8 | CQ114: 54.07 | CR114: 54.27 | CS114: 54.05 | CT114: 53.76 | CU114: 54.36 | CV114: 54.63 | CW114: 55.56 | CX114: 55.85 | CY114: 55.69 | CZ114: 55.37 | DA114: 55.51 | DB114: 55.64 | DC114: 55.99 | DD114: 55.98 | DE114: 55.67 | DF114: 54.66 | DG114: 55.39 | DH114: 55.68 | DI114: 55.26 | DJ114: 55.24 | DK114: 55.1 | DL114: 55.05 | DM114: 55.19 | DN114: 55.51 | DO114: 55.57 | DP114: 55.76 | DQ114: 55.7 | DR114: 55.71 | DS114: 55.46 | DT114: 55.1 | DU114: 54.34 | DV114: 54.83 | DW114: 54.36 | DX114: 54.15 | DY114: 53.44 | DZ114: 53.74 | EA114: 53.67 | EB114: 54.47 | EC114: 54.01 | ED114: 53.91 | EE114: 54.77 | EF114: 54.53 | EG114: 54.31 | EH114: 54.65 | EI114: 54.94 | EJ114: 54.39 | EK114: 54.9 | EL114: 55.18 | EM114: 56.02 | EN114: 55.92 | EO114: 55.38 | EP114: 55.25 | EQ114: 55.07 | ER114: 54.49 | ES114: 55.32 | ET114: 55.12 | EU114: 54.98 | EV114: 54.41 | EW114: 55.01 | EX114: 55.15 | EY114: 55.14 | EZ114: 54.9 | FA114: 55.37 | FB114: 55.54 | FC114: 54.8 | FD114: 53.2 | FE114: 53.96 | FF114: 54.09 | FG114: 54.2 | FH114: 54.9 | FI114: 55.14 | FJ114: 54.91 | FK114: 55 | FL114: 55.49 | FM114: 55.15 | FN114: 55.18 | FO114: 55.73 | FP114: 55.58 | FQ114: 55.46 | FR114: 55.78 | FS114: 55.29 | FT114: 54.7 | FU114: 54.78 | FV114: 54.85 | FW114: 54.36 | FX114: 54.5 | FY114: 53.75 | FZ114: 54.12 | GA114: 54.3 | GB114: 54.01 | GC114: 54.46 | GD114: 54.56 | GE114: 54.42 | GF114: 54.68 | GG114: 54.71 | GH114: 55.27 | GI114: 54.52 | GJ114: 54.51 | GK114: 55.39 | GL114: 55.51 | GM114: 55.3 | GN114: 55.68 | GO114: 55.53 | GP114: 55.22 | GQ114: 55.88 | GR114: 56.07 | GS114: 56.19 | GT114: 56.76 | GU114: 57.48 | GV114: 57.49 | GW114: 57.27 | GX114: 57.08 | GY114: 57.52 | GZ114: 57.27 | HA114: 56.3 | HB114: 56.58 | HC114: 56.46 | HD114: 57.04 | HE114: 57.46 | HF114: 57.06 | HG114: 57.85 | HH114: 57.83 | HI114: 57.34 | HJ114: 57.61 | HK114: 57.71 | HL114: 58.09 | HM114: 58 | HN114: 58.01 | HO114: 57.98 | HP114: 57.6 | HQ114: 57.75 | HR114: 57.59 | HS114: 57.75 | HT114: 57.15 | HU114: 56.65 | HV114: 57.73 | HW114: 58.31 | HX114: 58.92 | HY114: 58.36 | HZ114: 57.84 | IA114: 57.32 | IB114: 56.23 | IC114: 56.41 | ID114: 56.66 | IE114: 56.03 | IF114: 56.27 | IG114: 56.71 | IH114: 57.49 | II114: 57.56 | IJ114: 57.7 | IK114: 57.72 | IL114: 57.93 | IM114: 58.01 | IN114: 58.25 | IO114: 58.29 | IP114: 58.3 | IQ114: 58.25 | IR114: 58.13 | IS114: 58.57 | IT114: 58.31 | IU114: 58.53 | IV114: 58.23 | IW114: 57.86 | IX114: 58.46 | IY114: 58.67
A115: #VALUE! | B115: {=_FV(A115,"ticker symbol",TRUE)} -> C6E | C115: {=_FV(A115,"Name")} -> Amundi StoxxEupe600 ESG UETF A | D115: {=TRANSPOSE(_xlfn.STOCKHISTORY(B115, WORKDAY(TODAY(), -265), TODAY(), 0, 0, 1))} -> 127.057 | E115: 126.6155 | F115: 126.7477 | G115: 124.7517 | H115: 123.524 | I115: 123.7048 | J115: 124.2459 | K115: 124.975 | L115: 124.1597 | M115: 125.4468 | N115: 125.7381 | O115: 124.858 | P115: 126.3018 | Q115: 126.5622 | R115: 126.2815 | S115: 126.8805 | T115: 125.7148 | U115: 125.037 | V115: 124.8847 | W115: 126.7918 | X115: 127.998 | Y115: 128.7098 | Z115: 128.888 | AA115: 129.3848 | AB115: 129.84 | AC115: 130.4624 | AD115: 130.4242 | AE115: 130.3648 | AF115: 130.7944 | AG115: 131.5878 | AH115: 132.6426 | AI115: 132.6073 | AJ115: 131.3349 | AK115: 131.7055 | AL115: 132.2635 | AM115: 134.1828 | AN115: 133.4532 | AO115: 134.401 | AP115: 134.76 | AQ115: 134.8845 | AR115: 136.4442 | AS115: 135.9781 | AT115: 136.7061 | AU115: 137.1171 | AV115: 135.6933 | AW115: 135.7214 | AX115: 136.7371 | AY115: 136.4819 | AZ115: 136.6185 | BA115: 138.0566 | BB115: 137.1725 | BC115: 137.3813 | BD115: 138.3219 | BE115: 135.31 | BF115: 136.5735 | BG115: 136.59 | BH115: 136.311 | BI115: 134.1073 | BJ115: 131.9019 | BK115: 133.2105 | BL115: 132.59 | BM115: 133.9124 | BN115: 135.0175 | BO115: 135.8697 | BP115: 136.2362 | BQ115: 135.5992 | BR115: 134.9566 | BS115: 134.7914 | BT115: 135.5205 | BU115: 134.45 | BV115: 133.9618 | BW115: 133.0253 | BX115: 131.0441 | BY115: 132.3488 | BZ115: 131.6153 | CA115: 128.1519 | CB115: 121.9 | CC115: 116.37 | CD115: 119.9023 | CE115: 115.6811 | CF115: 120.3045 | CG115: 120.316 | CH115: 123.5466 | CI115: 125.5881 | CJ115: 125.2948 | CK115: 124.8511 | CL115: 125.9872 | CM115: 128.1482 | CN115: 128.6925 | CO115: 129.0327 | CP115: 129.768 | CQ115: 130.2253 | CR115: 131.0256 | CS115: 133.4163 | CT115: 133.7773 | CU115: 133.1687 | CV115: 132.5665 | CW115: 133.0213 | CX115: 133.7263 | CY115: 135.6701 | CZ115: 135.6573 | DA115: 135.3218 | DB115: 136.2831 | DC115: 136.8902 | DD115: 137.2274 | DE115: 138.3698 | DF115: 138.3236 | DG115: 137.361 | DH115: 136.0249 | DI115: 138.1237 | DJ115: 137.8362 | DK115: 136.8142 | DL115: 136.6498 | DM115: 136.9942 | DN115: 136.5722 | DO115: 136.6173 | DP115: 137.2584 | DQ115: 137.5326 | DR115: 138.0536 | DS115: 137.9125 | DT115: 138.0003 | DU115: 137.4478 | DV115: 136.9118 | DW115: 135.5398 | DX115: 136.0359 | DY115: 134.6858 | DZ115: 134.0954 | EA115: 132.9431 | EB115: 133.0557 | EC115: 132.7562 | ED115: 134.7157 | EE115: 133.5314 | EF115: 133.4293 | EG115: 135.1733 | EH115: 134.4542 | EI115: 134.4854 | EJ115: 134.5953 | EK115: 135.2294 | EL115: 134.4624 | EM115: 135.1877 | EN115: 135.6511 | EO115: 136.7341 | EP115: 137.269 | EQ115: 135.5466 | ER115: 135.51 | ES115: 135.0354 | ET115: 134.0664 | EU115: 135.5791 | EV115: 135.3663 | EW115: 135.2425 | EX115: 134.89 | EY115: 136.3821 | EZ115: 136.8252 | FA115: 136.371 | FB115: 136.1855 | FC115: 136.3696 | FD115: 136.4212 | FE115: 135.1813 | FF115: 131.7674 | FG115: 133.7313 | FH115: 133.7524 | FI115: 133.5901 | FJ115: 135.3249 | FK115: 135.6336 | FL115: 135.6867 | FM115: 135.8401 | FN115: 136.8409 | FO115: 137.55 | FP115: 137.7335 | FQ115: 137.72 | FR115: 139.1264 | FS115: 139.367 | FT115: 139.2078 | FU115: 139.8121 | FV115: 138.9678 | FW115: 137.8301 | FX115: 137.9221 | FY115: 137.7832 | FZ115: 136.6929 | GA115: 136.8603 | GB115: 134.8825 | GC115: 135.8375 | GD115: 136.7786 | GE115: 136.8344 | GF115: 137.397 | GG115: 137.3445 | GH115: 137.1634 | GI115: 137.7307 | GJ115: 137.6058 | GK115: 138.1918 | GL115: 136.5901 | GM115: 136.6106 | GN115: 137.8942 | GO115: 137.7316 | GP115: 137.4496 | GQ115: 137.8417 | GR115: 137.2695 | GS115: 136.3056 | GT115: 137.3628 | GU115: 137.69 | GV115: 138.424 | GW115: 140.4482 | GX115: 141.1742 | GY115: 141.8553 | GZ115: 141.8948 | HA115: 141.6128 | HB115: 142.7351 | HC115: 141.9775 | HD115: 140.3836 | HE115: 141.0952 | HF115: 140.64 | HG115: 141.5788 | HH115: 142.5599 | HI115: 141.4928 | HJ115: 142.7471 | HK115: 143.0426 | HL115: 142.7381 | HM115: 143.0392 | HN115: 143.3134 | HO115: 143.8306 | HP115: 143.4114 | HQ115: 143.1252 | HR115: 143.0755 | HS115: 142.2868 | HT115: 142.252 | HU115: 141.9161 | HV115: 142.3565 | HW115: 141.2765 | HX115: 140.4591 | HY115: 142.527 | HZ115: 144.4325 | IA115: 145.5479 | IB115: 144.7104 | IC115: 143.2056 | ID115: 142.2882 | IE115: 139.8305 | IF115: 140.0011 | IG115: 140.3543 | IH115: 140.3535 | II115: 140.7511 | IJ115: 142.0768 | IK115: 143.6791 | IL115: 143.801 | IM115: 144.1775 | IN115: #N/A | IO115: 144.32 | IP115: #N/A | IQ115: 144.74 | IR115: 145.32 | IS115: 144.28 | IT115: 144.34 | IU115: 144.14 | IV115: 145.1 | IW115: 144.76 | IX115: 145.7 | IY115: 145.96 | IZ115: 145.74 | JA115: #N/A | JB115: 147.08
A116: #VALUE! | B116: {=_FV(A116,"ticker symbol",TRUE)} -> FEZ | C116: {=_FV(A116,"Name")} -> SPDR EURO STOXX 50 | D116: {=TRANSPOSE(_xlfn.STOCKHISTORY(B116, WORKDAY(TODAY(), -265), TODAY(), 0, 0, 1))} -> 49.63 | E116: 49.64 | F116: 48.38 | G116: 48.26 | H116: 48.28 | I116: 48.4 | J116: 48.57 | K116: 48.78 | L116: 48.58 | M116: 48.18 | N116: 48.15 | O116: 47.66 | P116: 47.94 | Q116: 49.17 | R116: 49.32 | S116: 49.1 | T116: 48.69 | U116: 48.5 | V116: 48.96 | W116: 49.46 | X116: 50.22 | Y116: 50.43 | Z116: 51.56 | AA116: 51.67 | AB116: 52.07 | AC116: 52.16 | AD116: 52.24 | AE116: 51.92 | AF116: 52.04 | AG116: 52.59 | AH116: 52.12 | AI116: 51.16 | AJ116: 52.26 | AK116: 52.57 | AL116: 53.01 | AM116: 52.45 | AN116: 52.91 | AO116: 53.46 | AP116: 54.14 | AQ116: 54.66 | AR116: 55.03 | AS116: 55.33 | AT116: 54.43 | AU116: 54.8 | AV116: 54.45 | AW116: 54.31 | AX116: 54.87 | AY116: 55.03 | AZ116: 53.85 | BA116: 54.06 | BB116: 55.12 | BC116: 55.28 | BD116: 57.05 | BE116: 56.55 | BF116: 57.25 | BG116: 55.7 | BH116: 55.79 | BI116: 55.8 | BJ116: 55.16 | BK116: 56.48 | BL116: 57.13 | BM116: 57.35 | BN116: 57.45 | BO116: 56.56 | BP116: 56.01 | BQ116: 55.87 | BR116: 56.41 | BS116: 55.32 | BT116: 55.28 | BU116: 55.01 | BV116: 54.41 | BW116: 54.62 | BX116: 54.91 | BY116: 53.58 | BZ116: 50.27 | CA116: 48.89 | CB116: 48.22 | CC116: 52.59 | CD116: 51.76 | CE116: 52.75 | CF116: 53.11 | CG116: 53.46 | CH116: 53.3 | CI116: 53.77 | CJ116: 53.13 | CK116: 54.58 | CL116: 55.27 | CM116: 56.06 | CN116: 56.43 | CO116: 56.69 | CP116: 56.51 | CQ116: 56.25 | CR116: 56.3 | CS116: 57.41 | CT116: 57.54 | CU116: 57.47 | CV116: 57.21 | CW116: 57.25 | CX116: 57.75 | CY116: 58.02 | CZ116: 58.5 | DA116: 58.36 | DB116: 58.63 | DC116: 58.8 | DD116: 59.47 | DE116: 59.73 | DF116: 59.49 | DG116: 59.46 | DH116: 58.8 | DI116: 59.77 | DJ116: 59.05 | DK116: 59.32 | DL116: 59.19 | DM116: 59.93 | DN116: 59.54 | DO116: 59.93 | DP116: 59.93 | DQ116: 60.14 | DR116: 60.06 | DS116: 60.16 | DT116: 60.08 | DU116: 60.41 | DV116: 59.2 | DW116: 59.78 | DX116: 58.8 | DY116: 58.72 | DZ116: 58.5 | EA116: 58.01 | EB116: 58.94 | EC116: 58.48 | ED116: 58.84 | EE116: 59.49 | EF116: 59.73 | EG116: 59.5 | EH116: 60.03 | EI116: 59.92 | EJ116: 59.61 | EK116: 60.29 | EL116: 61.24 | EM116: 60.82 | EN116: 60.08 | EO116: 60.04 | EP116: 59.29 | EQ116: 59.45 | ER116: 59.63 | ES116: 59.24 | ET116: 59.45 | EU116: 59.44 | EV116: 60.85 | EW116: 60.05 | EX116: 60.31 | EY116: 59.14 | EZ116: 59.28 | FA116: 58.85 | FB116: 57.87 | FC116: 57.15 | FD116: 57.89 | FE116: 58.03 | FF116: 58.51 | FG116: 59.31 | FH116: 59.55 | FI116: 59.08 | FJ116: 59.66 | FK116: 60.3 | FL116: 60.55 | FM116: 60.96 | FN116: 60.6 | FO116: 60.77 | FP116: 60.91 | FQ116: 60.43 | FR116: 61.37 | FS116: 60.21 | FT116: 59.96 | FU116: 59.87 | FV116: 60.19 | FW116: 59.8 | FX116: 59.13 | FY116: 59.31 | FZ116: 59.53 | GA116: 59.6 | GB116: 60.16 | GC116: 60.13 | GD116: 59.82 | GE116: 60.45 | GF116: 60.43 | GG116: 61.11 | GH116: 60.97 | GI116: 60.6 | GJ116: 61.38 | GK116: 61.29 | GL116: 61.29 | GM116: 61.47 | GN116: 61.14 | GO116: 60.65 | GP116: 61.51 | GQ116: 61.74 | GR116: 62.12 | GS116: 62.88 | GT116: 63.32 | GU116: 63.46 | GV116: 63.12 | GW116: 62.43 | GX116: 62.84 | GY116: 62.18 | GZ116: 61.09 | HA116: 61.63 | HB116: 62.02 | HC116: 62.18 | HD116: 62.74 | HE116: 62.92 | HF116: 63.4 | HG116: 62.9 | HH116: 62.54 | HI116: 62.97 | HJ116: 63 | HK116: 63.57 | HL116: 63.49 | HM116: 63.31 | HN116: 62.83 | HO116: 62.48 | HP116: 62.54 | HQ116: 61.86 | HR116: 62.39 | HS116: 61.94 | HT116: 62.17 | HU116: 62.99 | HV116: 63.6 | HW116: 64.21 | HX116: 63.72 | HY116: 63.21 | HZ116: 62.21 | IA116: 61.44 | IB116: 61.33 | IC116: 60.46 | ID116: 61.06 | IE116: 60.98 | IF116: 61.97 | IG116: 62.73 | IH116: 63.08 | II116: 62.98 | IJ116: 63.48 | IK116: 63.88 | IL116: 63.83 | IM116: 63.84 | IN116: 63.8 | IO116: 63.62 | IP116: 64.28 | IQ116: 64.95 | IR116: 64.44 | IS116: 64.73 | IT116: 64.54 | IU116: 63.8 | IV116: 64.29 | IW116: 64.62
A117: #VALUE! | B117: {=_FV(A117,"ticker symbol",TRUE)} -> E40 | C117: {=_FV(A117,"Name")} -> BNPP Easy CAC 40 ESG UCITS ETF | D117: {=TRANSPOSE(_xlfn.STOCKHISTORY(B117, WORKDAY(TODAY(), -265), TODAY(), 0, 0, 1))} -> 11.82 | E117: 11.852 | F117: 11.886 | G117: 11.736 | H117: 11.652 | I117: 11.698 | J117: 11.708 | K117: 11.856 | L117: 11.682 | M117: 11.86 | N117: 11.88 | O117: 11.688 | P117: 11.936 | Q117: 12.014 | R117: 11.94 | S117: 12.01 | T117: 11.902 | U117: 11.854 | V117: 11.896 | W117: 11.984 | X117: 12.224 | Y117: 12.26 | Z117: 12.316 | AA117: 12.456 | AB117: 12.566 | AC117: 12.618 | AD117: 12.704 | AE117: 12.662 | AF117: 12.64 | AG117: 12.596 | AH117: 12.71 | AI117: 12.722 | AJ117: 12.568 | AK117: 12.604 | AL117: 12.556 | AM117: 12.756 | AN117: 12.694 | AO117: 12.762 | AP117: 12.794 | AQ117: 12.812 | AR117: 12.984 | AS117: 13.004 | AT117: 12.964 | AU117: 12.986 | AV117: 12.824 | AW117: 12.846 | AX117: 12.944 | AY117: 12.816 | AZ117: 12.778 | BA117: 12.946 | BB117: 12.916 | BC117: 12.926 | BD117: 13.044 | BE117: 12.862 | BF117: 13.066 | BG117: 13.186 | BH117: 12.992 | BI117: 12.892 | BJ117: 12.728 | BK117: 12.816 | BL117: 12.696 | BM117: 12.832 | BN117: 12.964 | BO117: 12.96 | BP117: 13.088 | BQ117: 12.958 | BR117: 12.844 | BS117: 12.834 | BT117: 12.918 | BU117: 12.778 | BV117: 12.686 | BW117: 12.622 | BX117: 12.416 | BY117: 12.514 | BZ117: 12.508 | CA117: 12.166 | CB117: 11.668 | CC117: 11.108 | CD117: 11.364 | CE117: 11.038 | CF117: 11.486 | CG117: 11.41 | CH117: 11.732 | CI117: 11.83 | CJ117: 11.792 | CK117: 11.742 | CL117: 11.842 | CM117: 12.106 | CN117: 12.168 | CO117: 12.232 | CP117: 12.298 | CQ117: 12.27 | CR117: 12.376 | CS117: 12.67 | CT117: 12.622 | CU117: 12.646 | CV117: 12.516 | CW117: 12.608 | CX117: 12.696 | CY117: 12.85 | CZ117: 12.932 | DA117: 12.888 | DB117: 12.926 | DC117: 12.904 | DD117: 13.02 | DE117: 13.136 | DF117: 13.092 | DG117: 12.98 | DH117: 12.838 | DI117: 13.002 | DJ117: 13.026 | DK117: 12.962 | DL117: 12.944 | DM117: 12.85 | DN117: 12.824 | DO117: 12.904 | DP117: 12.958 | DQ117: 12.988 | DR117: 13.006 | DS117: 12.984 | DT117: 12.894 | DU117: 12.856 | DV117: 12.87 | DW117: 12.758 | DX117: 12.868 | DY117: 12.742 | DZ117: 12.706 | EA117: 12.51 | EB117: 12.58 | EC117: 12.506 | ED117: 12.666 | EE117: 12.56 | EF117: 12.548 | EG117: 12.744 | EH117: 12.77 | EI117: 12.714 | EJ117: 12.878 | EK117: 12.886 | EL117: 12.826 | EM117: 12.88 | EN117: 12.9 | EO117: 13.118 | EP117: 13.16 | EQ117: 12.976 | ER117: 12.928 | ES117: 12.906 | ET117: 12.85 | EU117: 13.018 | EV117: 12.982 | EW117: 12.998 | EX117: 12.906 | EY117: 13.086 | EZ117: 13.044 | FA117: 13.052 | FB117: 12.982 | FC117: 13.088 | FD117: 13.056 | FE117: 12.944 | FF117: 12.578 | FG117: 12.672 | FH117: 12.674 | FI117: 12.696 | FJ117: 12.818 | FK117: 12.878 | FL117: 12.798 | FM117: 12.812 | FN117: 12.992 | FO117: 13.032 | FP117: 13.122 | FQ117: 13.102 | FR117: 13.27 | FS117: 13.2 | FT117: 13.188 | FU117: 13.246 | FV117: 13.012 | FW117: 12.77 | FX117: 12.858 | FY117: 12.928 | FZ117: 12.812 | GA117: 12.748 | GB117: 12.66 | GC117: 12.85 | GD117: 12.8 | GE117: 12.796 | GF117: 12.84 | GG117: 12.864 | GH117: 12.9 | GI117: 13.014 | GJ117: 13.038 | GK117: 13.128 | GL117: 13.014 | GM117: 12.93 | GN117: 13.052 | GO117: 13.086 | GP117: 13.034 | GQ117: 13.116 | GR117: 12.99 | GS117: 12.918 | GT117: 13.092 | GU117: 13.094 | GV117: 13.166 | GW117: 13.282 | GX117: 13.436 | GY117: 13.51 | GZ117: 13.334 | HA117: 13.354 | HB117: 13.482 | HC117: 13.454 | HD117: 13.272 | HE117: 13.31 | HF117: 13.264 | HG117: 13.532 | HH117: 13.714 | HI117: 13.68 | HJ117: 13.7 | HK117: 13.854 | HL117: 13.75 | HM117: 13.714 | HN117: 13.756 | HO117: 13.796 | HP117: 13.766 | HQ117: 13.722 | HR117: 13.604 | HS117: 13.526 | HT117: 13.498 | HU117: 13.4 | HV117: 13.496 | HW117: 13.278 | HX117: 13.208 | HY117: 13.43 | HZ117: 13.582 | IA117: 13.324 | IB117: 13.342 | IC117: 13.24 | ID117: 13.142 | IE117: 12.894 | IF117: 12.85 | IG117: 12.894 | IH117: 12.908 | II117: 12.84 | IJ117: 12.986 | IK117: 13.054 | IL117: 13.064 | IM117: 13.142 | IN117: 13.068 | IO117: 13.02 | IP117: 13.076 | IQ117: 13.142 | IR117: 13.122 | IS117: 13.098 | IT117: 13.02 | IU117: 12.982 | IV117: 13.068 | IW117: 13.068 | IX117: 13.154 | IY117: 13.144 | IZ117: 13.076 | JA117: 13.18 | JB117: 13.174
A118: #VALUE! | B118: {=_FV(A118,"ticker symbol",TRUE)} -> DAX | C118: {=_FV(A118,"Name")} -> Glbl X DAX Germany | D118: {=TRANSPOSE(_xlfn.STOCKHISTORY(B118, WORKDAY(TODAY(), -265), TODAY(), 0, 0, 1))} -> 34.7006 | E118: 34.466 | F118: 33.687 | G118: 33.63 | H118: 33.68 | I118: 33.55 | J118: 33.9 | K118: 34.12 | L118: 33.69 | M118: 33.45 | N118: 33.319 | O118: 33.13 | P118: 33.22 | Q118: 33.91 | R118: 34.06 | S118: 34.05 | T118: 33.57 | U118: 33.47 | V118: 33.97 | W118: 34.53 | X118: 34.6 | Y118: 34.79 | Z118: 35.82 | AA118: 35.9299 | AB118: 36.39 | AC118: 36.41 | AD118: 36.4088 | AE118: 36.31 | AF118: 36.47 | AG118: 36.58 | AH118: 36.3 | AI118: 35.7128 | AJ118: 36.07 | AK118: 36.51 | AL118: 36.93 | AM118: 36.46 | AN118: 36.77 | AO118: 37.15 | AP118: 37.62 | AQ118: 38.215 | AR118: 38.35 | AS118: 38.8 | AT118: 37.9639 | AU118: 38.05 | AV118: 37.64 | AW118: 37.88 | AX118: 38.47 | AY118: 38.46 | AZ118: 37.78 | BA118: 37.98 | BB118: 39.17 | BC118: 39.08 | BD118: 40.72 | BE118: 40.64 | BF118: 40.89 | BG118: 39.7 | BH118: 39.75 | BI118: 40.06 | BJ118: 39.61 | BK118: 40.74 | BL118: 41.19 | BM118: 41.49 | BN118: 41.24 | BO118: 40.45 | BP118: 40.17 | BQ118: 40.1 | BR118: 40.49 | BS118: 39.63 | BT118: 39.65 | BU118: 39.42 | BV118: 39.1 | BW118: 39.41 | BX118: 39.38 | BY118: 38.62 | BZ118: 36.06 | CA118: 35.21 | CB118: 34.84 | CC118: 37.94 | CD118: 37.57 | CE118: 38.07 | CF118: 38.59 | CG118: 38.86 | CH118: 38.98 | CI118: 39.1 | CJ118: 38.76 | CK118: 39.73 | CL118: 40.33 | CM118: 40.91 | CN118: 41.19 | CO118: 41.36 | CP118: 41.55 | CQ118: 41.51 | CR118: 41.46 | CS118: 42.33 | CT118: 42.81 | CU118: 42.72 | CV118: 42.35 | CW118: 42.52 | CX118: 42.825 | CY118: 42.38 | CZ118: 42.65 | DA118: 42.42 | DB118: 42.92 | DC118: 42.89 | DD118: 43.69 | DE118: 43.84 | DF118: 43.815 | DG118: 43.84 | DH118: 43.3 | DI118: 44.45 | DJ118: 43.93 | DK118: 44 | DL118: 44.11 | DM118: 44.56 | DN118: 44.29 | DO118: 44.72 | DP118: 44.76 | DQ118: 44.74 | DR118: 44.52 | DS118: 44.29 | DT118: 44.2 | DU118: 44.42 | DV118: 43.67 | DW118: 43.94 | DX118: 43.18 | DY118: 43.14 | DZ118: 43.26 | EA118: 43.79 | EB118: 44.46 | EC118: 44.2 | ED118: 44.84 | EE118: 44.83 | EF118: 44.93 | EG118: 44.51 | EH118: 44.77 | EI118: 44.78 | EJ118: 44.78 | EK118: 45.33 | EL118: 45.98 | EM118: 45.6 | EN118: 45.11 | EO118: 45.03 | EP118: 44.44 | EQ118: 44.83 | ER118: 45.11 | ES118: 44.83 | ET118: 45.16 | EU118: 45.06 | EV118: 45.98 | EW118: 45.42 | EX118: 45.45 | EY118: 44.24 | EZ118: 44.5 | FA118: 44.14 | FB118: 43.66 | FC118: 43.16 | FD118: 43.79 | FE118: 43.98 | FF118: 44.42 | FG118: 44.91 | FH118: 44.9 | FI118: 44.49 | FJ118: 44.86 | FK118: 45.105 | FL118: 45.3048 | FM118: 45.38 | FN118: 45.25 | FO118: 45.17 | FP118: 45.06 | FQ118: 44.82 | FR118: 45.43 | FS118: 44.83 | FT118: 44.91 | FU118: 44.34 | FV118: 44.69 | FW118: 44.57 | FX118: 43.7501 | FY118: 43.83 | FZ118: 44.23 | GA118: 44.0996 | GB118: 44.59 | GC118: 44.33 | GD118: 43.96 | GE118: 44.39 | GF118: 44.26 | GG118: 44.4496 | GH118: 44.1516 | GI118: 44 | GJ118: 44.43 | GK118: 44.21 | GL118: 44.28 | GM118: 44.26 | GN118: 44.2107 | GO118: 43.71 | GP118: 44.24 | GQ118: 44.39 | GR118: 44.75 | GS118: 45.25 | GT118: 45.65 | GU118: 45.57 | GV118: 45.58 | GW118: 45.1955 | GX118: 45.5509 | GY118: 45.2889 | GZ118: 44.6675 | HA118: 44.9694 | HB118: 44.86 | HC118: 44.72 | HD118: 44.8 | HE118: 44.49 | HF118: 45.05 | HG118: 44.8893 | HH118: 44.57 | HI118: 44.715 | HJ118: 44.7659 | HK118: 44.981 | HL118: 44.8907 | HM118: 44.52 | HN118: 44.2819 | HO118: 43.96 | HP118: 44.2137 | HQ118: 43.59 | HR118: 44.015 | HS118: 43.5794 | HT118: 43.707 | HU118: 44.3 | HV118: 44.545 | HW118: 45.09 | HX118: 44.5317 | HY118: 44.1 | HZ118: 43.21 | IA118: 42.67 | IB118: 42.6153 | IC118: 42.035 | ID118: 42.5524 | IE118: 42.5951 | IF118: 43.31 | IG118: 43.745 | IH118: 44.0141 | II118: 43.515 | IJ118: 43.87 | IK118: 44.11 | IL118: 44.219 | IM118: 44.4904 | IN118: 44.4 | IO118: 44.59 | IP118: 45.005 | IQ118: 45.56 | IR118: 45.25 | IS118: 45.22 | IT118: 45.085 | IU118: 44.6511 | IV118: 44.96 | IW118: 45.16
A119: #VALUE! | B119: {=_FV(A119,"ticker symbol",TRUE)} -> ISF | C119: {=_FV(A119,"Name")} -> iShs Cr FTSE 100 ETF GBPD | D119: {=TRANSPOSE(_xlfn.STOCKHISTORY(B119, WORKDAY(TODAY(), -265), TODAY(), 0, 0, 1))} -> 9.678 | E119: 9.626 | F119: 9.63 | G119: 9.512 | H119: 9.49 | I119: 9.462 | J119: 9.538 | K119: 9.511 | L119: 9.676 | M119: 9.645 | N119: 9.675 | O119: 9.671 | P119: 9.62 | Q119: 9.655 | R119: 9.563 | S119: 9.525 | T119: 9.446 | U119: 9.595 | V119: 9.685 | W119: 9.783 | X119: 9.794 | Y119: 9.835 | Z119: 9.824 | AA119: 9.878 | AB119: 9.82 | AC119: 9.829 | AD119: 9.897 | AE119: 9.93 | AF119: 10.06 | AG119: 10.09 | AH119: 10.048 | AI119: 10.028 | AJ119: 10.072 | AK119: 10.192 | AL119: 10.154 | AM119: 10.252 | AN119: 10.252 | AO119: 10.264 | AP119: 10.248 | AQ119: 10.204 | AR119: 10.27 | AS119: 10.288 | AT119: 10.232 | AU119: 10.19 | AV119: 10.212 | AW119: 10.184 | AX119: 10.18 | AY119: 10.286 | AZ119: 10.356 | BA119: 10.388 | BB119: 10.476 | BC119: 10.318 | BD119: 10.212 | BE119: 10.11 | BF119: 10.11 | BG119: 10.01 | BH119: 9.843 | BI119: 9.943 | BJ119: 9.922 | BK119: 9.996 | BL119: 10.066 | BM119: 10.082 | BN119: 10.132 | BO119: 10.142 | BP119: 10.068 | BQ119: 10.082 | BR119: 10.142 | BS119: 10.13 | BT119: 10.152 | BU119: 10.11 | BV119: 10.014 | BW119: 10.078 | BX119: 10.024 | BY119: 9.798 | BZ119: 9.263 | CA119: 8.795 | CB119: 9.019 | CC119: 8.667 | CD119: 8.992 | CE119: 8.986 | CF119: 9.228 | CG119: 9.471 | CH119: 9.461 | CI119: 9.484 | CJ119: 9.533 | CK119: 9.634 | CL119: 9.681 | CM119: 9.675 | CN119: 9.733 | CO119: 9.782 | CP119: 9.783 | CQ119: 9.912 | CR119: 9.936 | CS119: 9.951 | CT119: 9.892 | CU119: 9.905 | CV119: 9.926 | CW119: 10.044 | CX119: 10.056 | CY119: 10.006 | CZ119: 10.1 | DA119: 10.18 | DB119: 10.16 | DC119: 10.266 | DD119: 10.256 | DE119: 10.228 | DF119: 10.22 | DG119: 10.312 | DH119: 10.308 | DI119: 10.256 | DJ119: 10.224 | DK119: 10.268 | DL119: 10.278 | DM119: 10.31 | DN119: 10.322 | DO119: 10.334 | DP119: 10.36 | DQ119: 10.356 | DR119: 10.368 | DS119: 10.338 | DT119: 10.164 | DU119: 10.13 | DV119: 10.146 | DW119: 10.082 | DX119: 10.07 | DY119: 10.034 | DZ119: 9.999 | EA119: 9.992 | EB119: 10.02 | EC119: 9.971 | ED119: 10.02 | EE119: 10.048 | EF119: 9.98 | EG119: 9.981 | EH119: 9.891 | EI119: 9.981 | EJ119: 9.961 | EK119: 9.982 | EL119: 9.994 | EM119: 10.038 | EN119: 10.168 | EO119: 10.06 | EP119: 10.096 | EQ119: 10.054 | ER119: 10.044 | ES119: 10.126 | ET119: 10.106 | EU119: 10.122 | EV119: 10.116 | EW119: 10.212 | EX119: 10.242 | EY119: 10.176 | EZ119: 10.196 | FA119: 10.3 | FB119: 10.302 | FC119: 10.296 | FD119: 10.15 | FE119: 10.218 | FF119: 10.234 | FG119: 10.244 | FH119: 10.256 | FI119: 10.246 | FJ119: 10.306 | FK119: 10.338 | FL119: 10.372 | FM119: 10.452 | FN119: 10.39 | FO119: 10.428 | FP119: 10.522 | FQ119: 10.542 | FR119: 10.556 | FS119: 10.532 | FT119: 10.502 | FU119: 10.528 | FV119: 10.474 | FW119: 10.418 | FX119: 10.434 | FY119: 10.274 | FZ119: 10.368 | GA119: 10.442 | GB119: 10.41 | GC119: 10.43 | GD119: 10.464 | GE119: 10.454 | GF119: 10.45 | GG119: 10.442 | GH119: 10.428 | GI119: 10.312 | GJ119: 10.326 | GK119: 10.324 | GL119: 10.28 | GM119: 10.286 | GN119: 10.278 | GO119: 10.296 | GP119: 10.23 | GQ119: 10.336 | GR119: 10.366 | GS119: 10.414 | GT119: 10.56 | GU119: 10.522 | GV119: 10.588 | GW119: 10.612 | GX119: 10.62 | GY119: 10.72 | GZ119: 10.642 | HA119: 10.534 | HB119: 10.588 | HC119: 10.552 | HD119: 10.556 | HE119: 10.566 | HF119: 10.458 | HG119: 10.558 | HH119: 10.594 | HI119: 10.68 | HJ119: 10.72 | HK119: 10.748 | HL119: 10.776 | HM119: 10.778 | HN119: 10.792 | HO119: 10.814 | HP119: 10.79 | HQ119: 10.776 | HR119: 10.74 | HS119: 10.826 | HT119: 10.772 | HU119: 10.724 | HV119: 10.868 | HW119: 10.964 | HX119: 10.938 | HY119: 10.85 | HZ119: 10.726 | IA119: 10.728 | IB119: 10.574 | IC119: 10.528 | ID119: 10.566 | IE119: 10.594 | IF119: 10.61 | IG119: 10.7 | IH119: 10.81 | II119: 10.824 | IJ119: 10.852 | IK119: 10.804 | IL119: 10.786 | IM119: 10.85 | IN119: 10.9 | IO119: 10.848 | IP119: 10.162 | IQ119: 10.134 | IR119: 10.108 | IS119: 10.074 | IT119: 9.982 | IU119: 10.118 | IV119: 10.034 | IW119: 10.15 | IX119: 10.166 | IY119: 10.254
